dec_id,rd_ids,ex_ids,decision,name,status,created_at_utc,updated_at_utc,file,novice_summary,next_action
DEC-20260605T115651Z-main-SYS0,,,accept,研究库V2架构立项通过,active,2026-06-05T11:56:51Z,2026-06-05T11:56:51Z,05_研究决策/DEC-20260605T115651Z-main-SYS0_研究库V2架构立项通过.md,新研究库采用方向-实验-决策-台账结构并与平台分工,后续研究按新规范创建资产
DEC-20260605T115651Z-main-DP00,RD-20260605T115651Z-main-DP00;RD-20260605T115651Z-main-OFF0;RD-20260605T115651Z-main-CORE;RD-20260605T115651Z-main-DEF0;RD-20260605T115651Z-main-EXE0,EX-20260605T115651Z-main-BASE,accept,双池轮动拆分为策略方向与模块子方向,active,2026-06-05T11:56:51Z,2026-06-05T11:56:51Z,05_研究决策/DEC-20260605T115651Z-main-DP00_双池轮动拆分为策略方向与模块子方向.md,双池轮动作为父方向，进攻、核心、防御、执行作为可独立研究的子方向,先盘点已有资产再进入模块实验
DEC-20260607T125847Z-main-WQ8R,RD-20260605T133318Z-main-H6V3,EX-20260607T103055Z-main-K3AC,promote_candidate,K3AC同成本通过后A22优先于A23决策,active,2026-06-07T12:58:47Z,2026-06-07T18:52:23Z,05_研究决策/DEC-20260607T125847Z-main-WQ8R_K3AC同成本通过后A22优先于A23决策.md,K3AC strict 12/12通过；A22/A23同成本均优于hard5，但A23相对A22仅多34.93且2025小幅落后，A22 cap70成为hard5替代研究首选挑战者,后续A22原生字段、日志日期和forward/shadow工程边界已由A22N/EKZ8/QTFV/HH4B收口；默认继续hard5，不扩A23换手约束。
DEC-20260612T154000Z-main-5BU8,RD-20260611T080655Z-main-JN9Q,EX-20260612T090249Z-main-9QRG,park,5日成交量与A22A23重标定失败后暂停主排序替代路线,active,2026-06-12T15:40:00Z,2026-06-12T15:45:00Z,05_研究决策/DEC-20260612T154000Z-main-5BU8_5日成交量与A22A23重标定失败后暂停主排序替代路线.md,9QRG 28/28 formal完成；所有5日变体均0/4分段final不低于25日hard5，最佳d5合计仍少235749.93，成交量放宽与A22/A23重标定不能修复5日主排序。,暂停5日主排序替代路线；不改实盘默认，不继续扩成交量、A22/A23 cap或5日score阈值网格。
DEC-20260607T151252Z-main-A22N,RD-20260605T133318Z-main-H6V3,EX-20260607T131209Z-main-A22N,promote_engineering,A22原生字段等价通过后工程化决策,active,2026-06-07T15:12:52Z,2026-06-07T18:52:23Z,05_研究决策/DEC-20260607T151252Z-main-A22N_A22原生字段等价通过后工程化决策.md,A22 cap70旧A13字段表达与原生A22字段表达在4段完全等价，可推进字段和日志清理，但不能直接上线替代hard5,后续EKZ8日志日期审计和QTFV forward/shadow边界验证已通过；HH4B只允许默认关闭观察，默认继续hard5。
DEC-20260607T185223Z-main-HH4B,RD-20260605T133318Z-main-H6V3,EX-20260607T154134Z-main-QTFV,observe,A22原生forward shadow边界通过后观察决策,active,2026-06-07T18:52:23Z,2026-06-07T18:52:23Z,05_研究决策/DEC-20260607T185223Z-main-HH4B_A22原生forward shadow边界通过后观察决策.md,QTFV strict 12/12通过，native live四段完全复现A22N，shadow_on/off四段交易产物hash全一致且orders_changed=0，双开guard 4/4检出；允许A22默认关闭观察，不允许生产promote。,保持A22 shadow默认关闭；若继续推进，必须新开生产前forward/未来函数门禁；默认hard5不变。
DEC-20260529T000000Z-mig-D20260529R014REVISEBUCKE4EB82,RD-20260605T115651Z-main-DP00,,migrated_unverified,D20260529-R014 阴跌分桶过滤修订,migrated_unverified,2026-06-05T12:00:00Z,2026-06-05T12:00:00Z,05_研究决策/DEC-20260529T000000Z-mig-D20260529R014REVISEBUCKE4EB82_D20260529-R014阴跌分桶过滤修订.md,旧库迁移决策，待复核后才能影响新库路线,复核证据链和边界
DEC-20260530T000000Z-mig-D20260530R015KILLEXTERNAB7687,RD-20260605T115651Z-main-DP00,,migrated_unverified,D20260530-R015 外部 510300 开关证伪,migrated_unverified,2026-06-05T12:00:00Z,2026-06-05T12:00:00Z,05_研究决策/DEC-20260530T000000Z-mig-D20260530R015KILLEXTERNAB7687_D20260530-R015外部510300开关证伪.md,旧库迁移决策，待复核后才能影响新库路线,复核证据链和边界
DEC-20260607T032202Z-main-NQHF,RD-20260603T000000Z-mig-HD5EEBAA8D5EEB,EX-20260607T024332Z-main-UC3P,revise,变种小狮子涨停基因小市值验证后修订,active,2026-06-07T03:22:02Z,2026-06-07T03:22:00Z,05_研究决策/DEC-20260607T032202Z-main-NQHF_变种小狮子涨停基因小市值验证后修订.md,不推进原社区完整策略；保留历史涨停次数小市值池作为修订主线,新建涨停次数、低换手延迟确认、环境门控、退市容量过滤和分钟级执行复刻实验
DEC-20260601T000000Z-mig-D20260601B3GATEOFFLINEOBC62D6,RD-20260605T115651Z-main-DP00,,migrated_unverified,D20260601-B3-gate 离线观察复盘聚焦误拦截与漏报,migrated_unverified,2026-06-05T12:00:00Z,2026-06-05T12:00:00Z,05_研究决策/DEC-20260601T000000Z-mig-D20260601B3GATEOFFLINEOBC62D6_D20260601-B3-gate离线观察复盘聚焦误拦截与漏报.md,旧库迁移决策，待复核后才能影响新库路线,复核证据链和边界
DEC-20260601T000000Z-mig-D20260601B3GATEBLOCKEDLO7478C,RD-20260605T115651Z-main-DP00,,migrated_unverified,D20260601-B3-gate 误拦截 Top1 斜率放松 2024 压力测试通过,migrated_unverified,2026-06-05T12:00:00Z,2026-06-05T12:00:00Z,05_研究决策/DEC-20260601T000000Z-mig-D20260601B3GATEBLOCKEDLO7478C_D20260601-B3-gate误拦截Top1斜率放松2024压力测试通过.md,旧库迁移决策，待复核后才能影响新库路线,复核证据链和边界
DEC-20260601T000000Z-mig-D20260601B3GATEBLOCKEDLOEB885,RD-20260605T115651Z-main-DP00,,migrated_unverified,D20260601-B3-gate 误拦截 Top1 斜率放松进入预注册,migrated_unverified,2026-06-05T12:00:00Z,2026-06-05T12:00:00Z,05_研究决策/DEC-20260601T000000Z-mig-D20260601B3GATEBLOCKEDLOEB885_D20260601-B3-gate误拦截Top1斜率放松进入预注册.md,旧库迁移决策，待复核后才能影响新库路线,复核证据链和边界
DEC-20260601T000000Z-mig-D20260601MINIQMTV18DEFAUB22E2,RD-20260605T115651Z-main-DP00,,migrated_unverified,D20260601-MiniQMT v18 默认关闭映射,migrated_unverified,2026-06-05T12:00:00Z,2026-06-05T12:00:00Z,05_研究决策/DEC-20260601T000000Z-mig-D20260601MINIQMTV18DEFAUB22E2_D20260601-MiniQMTv18默认关闭映射.md,旧库迁移决策，待复核后才能影响新库路线,复核证据链和边界
DEC-20260601T000000Z-mig-D20260601R010B3CAP90PREA4C3BC,RD-20260605T115651Z-main-DP00,,migrated_unverified,D20260601-R010B3 cap90 进入组合前审计,migrated_unverified,2026-06-05T12:00:00Z,2026-06-05T12:00:00Z,05_研究决策/DEC-20260601T000000Z-mig-D20260601R010B3CAP90PREA4C3BC_D20260601-R010B3cap90进入组合前审计.md,旧库迁移决策，待复核后才能影响新库路线,复核证据链和边界
DEC-20260601T000000Z-mig-D20260601R010B3GATEPROMO642D2,RD-20260605T115651Z-main-DP00,,migrated_unverified,D20260601-R010B3 gate 成为当前主候选,migrated_unverified,2026-06-05T12:00:00Z,2026-06-05T12:00:00Z,05_研究决策/DEC-20260601T000000Z-mig-D20260601R010B3GATEPROMO642D2_D20260601-R010B3gate成为当前主候选.md,旧库迁移决策，待复核后才能影响新库路线,复核证据链和边界
DEC-20260601T000000Z-mig-D20260601R010B3LIMITED2REC37B,RD-20260605T115651Z-main-DP00,,migrated_unverified,D20260601-R010B3 limited2 低扰动不直接采纳,migrated_unverified,2026-06-05T12:00:00Z,2026-06-05T12:00:00Z,05_研究决策/DEC-20260601T000000Z-mig-D20260601R010B3LIMITED2REC37B_D20260601-R010B3limited2低扰动不直接采纳.md,旧库迁移决策，待复核后才能影响新库路线,复核证据链和边界
DEC-20260601T000000Z-mig-D20260601R010B4B3GATEF57BE,RD-20260605T115651Z-main-DP00,,migrated_unverified,D20260601-R010B4 B3Gate强度分层进入预注册,migrated_unverified,2026-06-05T12:00:00Z,2026-06-05T12:00:00Z,05_研究决策/DEC-20260601T000000Z-mig-D20260601R010B4B3GATEF57BE_D20260601-R010B4B3Gate强度分层进入预注册.md,旧库迁移决策，待复核后才能影响新库路线,复核证据链和边界
DEC-20260601T000000Z-mig-D20260601R010B4TIEREDV2B1C7E,RD-20260605T115651Z-main-DP00,,migrated_unverified,D20260601-R010B4 tiered-v2进入预注册,migrated_unverified,2026-06-05T12:00:00Z,2026-06-05T12:00:00Z,05_研究决策/DEC-20260601T000000Z-mig-D20260601R010B4TIEREDV2B1C7E_D20260601-R010B4tiered-v2进入预注册.md,旧库迁移决策，待复核后才能影响新库路线,复核证据链和边界
DEC-20260601T000000Z-mig-D20260601R010B4TIEREDV2L9DDC1,RD-20260605T115651Z-main-DP00,,migrated_unverified,D20260601-R010B4 tiered-v2默认关闭映射完成,migrated_unverified,2026-06-05T12:00:00Z,2026-06-05T12:00:00Z,05_研究决策/DEC-20260601T000000Z-mig-D20260601R010B4TIEREDV2L9DDC1_D20260601-R010B4tiered-v2默认关闭映射完成.md,旧库迁移决策，待复核后才能影响新库路线,复核证据链和边界
DEC-20260601T000000Z-mig-D20260601R010B4TIEREDV2S2C942,RD-20260605T115651Z-main-DP00,,migrated_unverified,D20260601-R010B4 tiered-v2四段验证通过,migrated_unverified,2026-06-05T12:00:00Z,2026-06-05T12:00:00Z,05_研究决策/DEC-20260601T000000Z-mig-D20260601R010B4TIEREDV2S2C942_D20260601-R010B4tiered-v2四段验证通过.md,旧库迁移决策，待复核后才能影响新库路线,复核证据链和边界
DEC-20260601T000000Z-mig-D20260601R010B4TIEREDV2S038BC,RD-20260605T115651Z-main-DP00,,migrated_unverified,D20260601-R010B4 tiered-v2影子观察方案建立,migrated_unverified,2026-06-05T12:00:00Z,2026-06-05T12:00:00Z,05_研究决策/DEC-20260601T000000Z-mig-D20260601R010B4TIEREDV2S038BC_D20260601-R010B4tiered-v2影子观察方案建立.md,旧库迁移决策，待复核后才能影响新库路线,复核证据链和边界
DEC-20260601T000000Z-mig-D20260601R026BLIGHTCAP90830A7,RD-20260605T115651Z-main-DP00,,migrated_unverified,D20260601-R026B-light-cap90 进入预注册,migrated_unverified,2026-06-05T12:00:00Z,2026-06-05T12:00:00Z,05_研究决策/DEC-20260601T000000Z-mig-D20260601R026BLIGHTCAP90830A7_D20260601-R026B-light-cap90进入预注册.md,旧库迁移决策，待复核后才能影响新库路线,复核证据链和边界
DEC-20260601T000000Z-mig-D20260601R026BLIGHTCAP90731A7,RD-20260605T115651Z-main-DP00,,migrated_unverified,D20260601-R026B-light-cap90 首段反证,migrated_unverified,2026-06-05T12:00:00Z,2026-06-05T12:00:00Z,05_研究决策/DEC-20260601T000000Z-mig-D20260601R026BLIGHTCAP90731A7_D20260601-R026B-light-cap90首段反证.md,旧库迁移决策，待复核后才能影响新库路线,复核证据链和边界
DEC-20260601T000000Z-mig-D20260601R026STRICTMARKEFD93C,RD-20260605T115651Z-main-DP00,,migrated_unverified,D20260601-R026 strict_marker_only,migrated_unverified,2026-06-05T12:00:00Z,2026-06-05T12:00:00Z,05_研究决策/DEC-20260601T000000Z-mig-D20260601R026STRICTMARKEFD93C_D20260601-R026strict_marker_only.md,旧库迁移决策，待复核后才能影响新库路线,复核证据链和边界
DEC-20260602T000000Z-mig-D20260602A2SLOPE004LIVED479C7,RD-20260605T115651Z-main-DP00,,migrated_unverified,D20260602-A2-slope004 实盘默认行为回归通过,migrated_unverified,2026-06-05T12:00:00Z,2026-06-05T12:00:00Z,05_研究决策/DEC-20260602T000000Z-mig-D20260602A2SLOPE004LIVED479C7_D20260602-A2-slope004实盘默认行为回归通过.md,旧库迁移决策，待复核后才能影响新库路线,复核证据链和边界
DEC-20260602T000000Z-mig-D20260602B3GATEBLOCKEDLOD63E8,RD-20260605T115651Z-main-DP00,,migrated_unverified,D20260602-B3-gate 误拦截 Top1 斜率放松四段压力测试完成,migrated_unverified,2026-06-05T12:00:00Z,2026-06-05T12:00:00Z,05_研究决策/DEC-20260602T000000Z-mig-D20260602B3GATEBLOCKEDLOD63E8_D20260602-B3-gate误拦截Top1斜率放松四段压力测试完成.md,旧库迁移决策，待复核后才能影响新库路线,复核证据链和边界
DEC-20260602T000000Z-mig-D20260602B3GATEBLOCKEDLO88061,RD-20260605T115651Z-main-DP00,,migrated_unverified,D20260602-B3-gate 误拦截 Top1 斜率放松误伤归因完成,migrated_unverified,2026-06-05T12:00:00Z,2026-06-05T12:00:00Z,05_研究决策/DEC-20260602T000000Z-mig-D20260602B3GATEBLOCKEDLO88061_D20260602-B3-gate误拦截Top1斜率放松误伤归因完成.md,旧库迁移决策，待复核后才能影响新库路线,复核证据链和边界
DEC-20260602T000000Z-mig-D20260602M001INPUTINVENT184B9,RD-20260605T115651Z-main-DP00,,migrated_unverified,D20260602-M001 多策略状态归因输入清单审计完成,migrated_unverified,2026-06-05T12:00:00Z,2026-06-05T12:00:00Z,05_研究决策/DEC-20260602T000000Z-mig-D20260602M001INPUTINVENT184B9_D20260602-M001多策略状态归因输入清单审计完成.md,旧库迁移决策，待复核后才能影响新库路线,复核证据链和边界
DEC-20260602T000000Z-mig-D20260602M002ETFFAMILYST9075B,RD-20260605T115651Z-main-DP00,,migrated_unverified,D20260602-M002 ETF族状态归因首轮完成,migrated_unverified,2026-06-05T12:00:00Z,2026-06-05T12:00:00Z,05_研究决策/DEC-20260602T000000Z-mig-D20260602M002ETFFAMILYST9075B_D20260602-M002ETF族状态归因首轮完成.md,旧库迁移决策，待复核后才能影响新库路线,复核证据链和边界
DEC-20260602T000000Z-mig-D20260602M003NONETFEQUITD2ACA,RD-20260605T115651Z-main-DP00,,migrated_unverified,D20260602-M003 非ETF可比净值候选发现完成,migrated_unverified,2026-06-05T12:00:00Z,2026-06-05T12:00:00Z,05_研究决策/DEC-20260602T000000Z-mig-D20260602M003NONETFEQUITD2ACA_D20260602-M003非ETF可比净值候选发现完成.md,旧库迁移决策，待复核后才能影响新库路线,复核证据链和边界
DEC-20260602T000000Z-mig-D20260602M004NONETFCONFI00E8E,RD-20260605T115651Z-main-DP00,,migrated_unverified,D20260602-M004 非ETF候选配置审计完成,migrated_unverified,2026-06-05T12:00:00Z,2026-06-05T12:00:00Z,05_研究决策/DEC-20260602T000000Z-mig-D20260602M004NONETFCONFI00E8E_D20260602-M004非ETF候选配置审计完成.md,旧库迁移决策，待复核后才能影响新库路线,复核证据链和边界
DEC-20260602T000000Z-mig-D20260602M004NONETFFULLC2EA04,RD-20260605T115651Z-main-DP00,,migrated_unverified,D20260602-M004 非ETF全周期基准净值补齐进入预注册,migrated_unverified,2026-06-05T12:00:00Z,2026-06-05T12:00:00Z,05_研究决策/DEC-20260602T000000Z-mig-D20260602M004NONETFFULLC2EA04_D20260602-M004非ETF全周期基准净值补齐进入预注册.md,旧库迁移决策，待复核后才能影响新库路线,复核证据链和边界
DEC-20260602T000000Z-mig-D20260602M004SMALLCAP2024A2C0,RD-20260605T115651Z-main-DP00,,migrated_unverified,D20260602-M004 小市值2024Smoke通过需时点审计,migrated_unverified,2026-06-05T12:00:00Z,2026-06-05T12:00:00Z,05_研究决策/DEC-20260602T000000Z-mig-D20260602M004SMALLCAP2024A2C0_D20260602-M004小市值2024Smoke通过需时点审计.md,旧库迁移决策，待复核后才能影响新库路线,复核证据链和边界
DEC-20260602T000000Z-mig-D20260602M004SMALLCAPFUL77136,RD-20260605T115651Z-main-DP00,,migrated_unverified,D20260602-M004 小市值全周期配置DryRun通过,migrated_unverified,2026-06-05T12:00:00Z,2026-06-05T12:00:00Z,05_研究决策/DEC-20260602T000000Z-mig-D20260602M004SMALLCAPFUL77136_D20260602-M004小市值全周期配置DryRun通过.md,旧库迁移决策，待复核后才能影响新库路线,复核证据链和边界
DEC-20260602T000000Z-mig-D20260602M004SMALLCAPTIMDB48C,RD-20260605T115651Z-main-DP00,,migrated_unverified,D20260602-M004 小市值时点审计通过进入四段预注册,migrated_unverified,2026-06-05T12:00:00Z,2026-06-05T12:00:00Z,05_研究决策/DEC-20260602T000000Z-mig-D20260602M004SMALLCAPTIMDB48C_D20260602-M004小市值时点审计通过进入四段预注册.md,旧库迁移决策，待复核后才能影响新库路线,复核证据链和边界
DEC-20260602T000000Z-mig-D20260602M004SMALLCAPSPL015DC,RD-20260605T115651Z-main-DP00,,migrated_unverified,D20260602-M004 小市值四段长测通过进入状态归因预注册,migrated_unverified,2026-06-05T12:00:00Z,2026-06-05T12:00:00Z,05_研究决策/DEC-20260602T000000Z-mig-D20260602M004SMALLCAPSPL015DC_D20260602-M004小市值四段长测通过进入状态归因预注册.md,旧库迁移决策，待复核后才能影响新库路线,复核证据链和边界
DEC-20260602T000000Z-mig-D20260602M004SMALLCAPSPL9FBD4,RD-20260605T115651Z-main-DP00,,migrated_unverified,D20260602-M004 小市值四段长测预注册完成,migrated_unverified,2026-06-05T12:00:00Z,2026-06-05T12:00:00Z,05_研究决策/DEC-20260602T000000Z-mig-D20260602M004SMALLCAPSPL9FBD4_D20260602-M004小市值四段长测预注册完成.md,旧库迁移决策，待复核后才能影响新库路线,复核证据链和边界
DEC-20260602T000000Z-mig-D20260602M004SMALLCAPSTAFB76F,RD-20260605T115651Z-main-DP00,,migrated_unverified,D20260602-M004 小市值状态归因首轮完成,migrated_unverified,2026-06-05T12:00:00Z,2026-06-05T12:00:00Z,05_研究决策/DEC-20260602T000000Z-mig-D20260602M004SMALLCAPSTAFB76F_D20260602-M004小市值状态归因首轮完成.md,旧库迁移决策，待复核后才能影响新库路线,复核证据链和边界
DEC-20260602T000000Z-mig-D20260602M004SMALLCAPSTAFB011,RD-20260605T115651Z-main-DP00,,migrated_unverified,D20260602-M004 小市值状态归因预注册完成,migrated_unverified,2026-06-05T12:00:00Z,2026-06-05T12:00:00Z,05_研究决策/DEC-20260602T000000Z-mig-D20260602M004SMALLCAPSTAFB011_D20260602-M004小市值状态归因预注册完成.md,旧库迁移决策，待复核后才能影响新库路线,复核证据链和边界
DEC-20260602T000000Z-mig-D20260602M005SMALLCAPLAB3F545,RD-20260605T115651Z-main-DP00,,migrated_unverified,D20260602-M005 小盘专用状态标签输入审计首轮完成,migrated_unverified,2026-06-05T12:00:00Z,2026-06-05T12:00:00Z,05_研究决策/DEC-20260602T000000Z-mig-D20260602M005SMALLCAPLAB3F545_D20260602-M005小盘专用状态标签输入审计首轮完成.md,旧库迁移决策，待复核后才能影响新库路线,复核证据链和边界
DEC-20260602T000000Z-mig-D20260602M005SMALLCAPSPE1F743,RD-20260605T115651Z-main-DP00,,migrated_unverified,D20260602-M005 小盘专用状态标签预注册完成,migrated_unverified,2026-06-05T12:00:00Z,2026-06-05T12:00:00Z,05_研究决策/DEC-20260602T000000Z-mig-D20260602M005SMALLCAPSPE1F743_D20260602-M005小盘专用状态标签预注册完成.md,旧库迁移决策，待复核后才能影响新库路线,复核证据链和边界
DEC-20260602T000000Z-mig-D20260602M006SMALLCAPSCHED45E,RD-20260605T115651Z-main-DP00,,migrated_unverified,D20260602-M006 小盘 SchemaOnly 指标覆盖率审计首轮完成,migrated_unverified,2026-06-05T12:00:00Z,2026-06-05T12:00:00Z,05_研究决策/DEC-20260602T000000Z-mig-D20260602M006SMALLCAPSCHED45E_D20260602-M006小盘SchemaOnly指标覆盖率审计首轮完成.md,旧库迁移决策，待复核后才能影响新库路线,复核证据链和边界
DEC-20260602T000000Z-mig-D20260602M006SMALLCAPSCH7C4F0,RD-20260605T115651Z-main-DP00,,migrated_unverified,D20260602-M006 小盘 SchemaOnly 指标覆盖率审计预注册完成,migrated_unverified,2026-06-05T12:00:00Z,2026-06-05T12:00:00Z,05_研究决策/DEC-20260602T000000Z-mig-D20260602M006SMALLCAPSCH7C4F0_D20260602-M006小盘SchemaOnly指标覆盖率审计预注册完成.md,旧库迁移决策，待复核后才能影响新库路线,复核证据链和边界
DEC-20260602T000000Z-mig-D20260602M007SMALLCAPLAB3815A,RD-20260605T115651Z-main-DP00,,migrated_unverified,D20260602-M007 小盘专用状态标签构造与 R039 面板归因首轮完成,migrated_unverified,2026-06-05T12:00:00Z,2026-06-05T12:00:00Z,05_研究决策/DEC-20260602T000000Z-mig-D20260602M007SMALLCAPLAB3815A_D20260602-M007小盘专用状态标签构造与R039面板归因首轮完成.md,旧库迁移决策，待复核后才能影响新库路线,复核证据链和边界
DEC-20260602T000000Z-mig-D20260602M007SMALLCAPLABACB09,RD-20260605T115651Z-main-DP00,,migrated_unverified,D20260602-M007 小盘专用状态标签构造与 R039 面板归因预注册完成,migrated_unverified,2026-06-05T12:00:00Z,2026-06-05T12:00:00Z,05_研究决策/DEC-20260602T000000Z-mig-D20260602M007SMALLCAPLABACB09_D20260602-M007小盘专用状态标签构造与R039面板归因预注册完成.md,旧库迁移决策，待复核后才能影响新库路线,复核证据链和边界
DEC-20260602T000000Z-mig-D20260602R010B2A2SECONDLF0342,RD-20260605T115651Z-main-DP00,,migrated_unverified,D20260602-R010B2 A2二级观察门控仅收益修补观察,migrated_unverified,2026-06-05T12:00:00Z,2026-06-05T12:00:00Z,05_研究决策/DEC-20260602T000000Z-mig-D20260602R010B2A2SECONDLF0342_D20260602-R010B2A2二级观察门控仅收益修补观察.md,旧库迁移决策，待复核后才能影响新库路线,复核证据链和边界
DEC-20260602T000000Z-mig-D20260602R010B4TIEREDV2L1E7FB,RD-20260605T115651Z-main-DP00,,migrated_unverified,D20260602-R010B4 tiered-v2实盘启用,migrated_unverified,2026-06-05T12:00:00Z,2026-06-05T12:00:00Z,05_研究决策/DEC-20260602T000000Z-mig-D20260602R010B4TIEREDV2L1E7FB_D20260602-R010B4tiered-v2实盘启用.md,旧库迁移决策，待复核后才能影响新库路线,复核证据链和边界
DEC-20260602T000000Z-mig-D20260602R010B5R1NONLINEF8DDA,RD-20260605T115651Z-main-DP00,,migrated_unverified,D20260602-R010B5R1 非线性组合回撤预算代理审计通过,migrated_unverified,2026-06-05T12:00:00Z,2026-06-05T12:00:00Z,05_研究决策/DEC-20260602T000000Z-mig-D20260602R010B5R1NONLINEF8DDA_D20260602-R010B5R1非线性组合回撤预算代理审计通过.md,旧库迁移决策，待复核后才能影响新库路线,复核证据链和边界
DEC-20260602T000000Z-mig-D20260602R010B5R2FOURSEG7D2AC,RD-20260605T115651Z-main-DP00,,migrated_unverified,D20260602-R010B5R2 非线性回撤预算四段真实路径验证通过,migrated_unverified,2026-06-05T12:00:00Z,2026-06-05T12:00:00Z,05_研究决策/DEC-20260602T000000Z-mig-D20260602R010B5R2FOURSEG7D2AC_D20260602-R010B5R2非线性回撤预算四段真实路径验证通过.md,旧库迁移决策，待复核后才能影响新库路线,复核证据链和边界
DEC-20260602T000000Z-mig-D20260602R010B5R2TRUEPATA762D,RD-20260605T115651Z-main-DP00,,migrated_unverified,D20260602-R010B5R2 非线性回撤预算真实路径2024 Smoke通过,migrated_unverified,2026-06-05T12:00:00Z,2026-06-05T12:00:00Z,05_研究决策/DEC-20260602T000000Z-mig-D20260602R010B5R2TRUEPATA762D_D20260602-R010B5R2非线性回撤预算真实路径2024Smoke通过.md,旧库迁移决策，待复核后才能影响新库路线,复核证据链和边界
DEC-20260602T000000Z-mig-D20260602R010B5R3PARTIAL43303,RD-20260605T115651Z-main-DP00,,migrated_unverified,D20260602-R010B5R3 部分替代边界定义,migrated_unverified,2026-06-05T12:00:00Z,2026-06-05T12:00:00Z,05_研究决策/DEC-20260602T000000Z-mig-D20260602R010B5R3PARTIAL43303_D20260602-R010B5R3部分替代边界定义.md,旧库迁移决策，待复核后才能影响新库路线,复核证据链和边界
DEC-20260602T000000Z-mig-D20260602R010B5R3SENSITI27753,RD-20260605T115651Z-main-DP00,,migrated_unverified,D20260602-R010B5R3 参数敏感性与成本扰动2024Smoke通过,migrated_unverified,2026-06-05T12:00:00Z,2026-06-05T12:00:00Z,05_研究决策/DEC-20260602T000000Z-mig-D20260602R010B5R3SENSITI27753_D20260602-R010B5R3参数敏感性与成本扰动2024Smoke通过.md,旧库迁移决策，待复核后才能影响新库路线,复核证据链和边界
DEC-20260602T000000Z-mig-D20260602R010B5R3SENSITI8D8AD,RD-20260605T115651Z-main-DP00,,migrated_unverified,D20260602-R010B5R3 参数敏感性与成本扰动预注册完成,migrated_unverified,2026-06-05T12:00:00Z,2026-06-05T12:00:00Z,05_研究决策/DEC-20260602T000000Z-mig-D20260602R010B5R3SENSITI8D8AD_D20260602-R010B5R3参数敏感性与成本扰动预注册完成.md,旧库迁移决策，待复核后才能影响新库路线,复核证据链和边界
DEC-20260602T000000Z-mig-D20260602R010B5R3FOURSEG046CD,RD-20260605T115651Z-main-DP00,,migrated_unverified,D20260602-R010B5R3 四段敏感性与成本扰动通过,migrated_unverified,2026-06-05T12:00:00Z,2026-06-05T12:00:00Z,05_研究决策/DEC-20260602T000000Z-mig-D20260602R010B5R3FOURSEG046CD_D20260602-R010B5R3四段敏感性与成本扰动通过.md,旧库迁移决策，待复核后才能影响新库路线,复核证据链和边界
DEC-20260602T000000Z-mig-D20260602R010B5R4SHADOWO5E0B7,RD-20260605T115651Z-main-DP00,,migrated_unverified,D20260602-R010B5R4 默认关闭影子观察预注册完成,migrated_unverified,2026-06-05T12:00:00Z,2026-06-05T12:00:00Z,05_研究决策/DEC-20260602T000000Z-mig-D20260602R010B5R4SHADOWO5E0B7_D20260602-R010B5R4默认关闭影子观察预注册完成.md,旧库迁移决策，待复核后才能影响新库路线,复核证据链和边界
DEC-20260602T000000Z-mig-D20260602R010B5R4FIELDAU83966,RD-20260605T115651Z-main-DP00,,migrated_unverified,D20260602-R010B5R4 平台字段审计首轮完成,migrated_unverified,2026-06-05T12:00:00Z,2026-06-05T12:00:00Z,05_研究决策/DEC-20260602T000000Z-mig-D20260602R010B5R4FIELDAU83966_D20260602-R010B5R4平台字段审计首轮完成.md,旧库迁移决策，待复核后才能影响新库路线,复核证据链和边界
DEC-20260602T000000Z-mig-D20260602R010B5R4SHADOWL49DD5,RD-20260605T115651Z-main-DP00,,migrated_unverified,D20260602-R010B5R4 影子日志2024 Smoke通过,migrated_unverified,2026-06-05T12:00:00Z,2026-06-05T12:00:00Z,05_研究决策/DEC-20260602T000000Z-mig-D20260602R010B5R4SHADOWL49DD5_D20260602-R010B5R4影子日志2024Smoke通过.md,旧库迁移决策，待复核后才能影响新库路线,复核证据链和边界
DEC-20260602T000000Z-mig-D20260602R010B5DRAWDOWNB19A21,RD-20260605T115651Z-main-DP00,,migrated_unverified,D20260602-R010B5 组合回撤预算动态缩放代理审计完成,migrated_unverified,2026-06-05T12:00:00Z,2026-06-05T12:00:00Z,05_研究决策/DEC-20260602T000000Z-mig-D20260602R010B5DRAWDOWNB19A21_D20260602-R010B5组合回撤预算动态缩放代理审计完成.md,旧库迁移决策，待复核后才能影响新库路线,复核证据链和边界
DEC-20260602T000000Z-mig-D20260602R010C1A0EXHAUSTA7485,RD-20260605T115651Z-main-DP00,,migrated_unverified,D20260602-R010C1 A0失速预警仅日志层,migrated_unverified,2026-06-05T12:00:00Z,2026-06-05T12:00:00Z,05_研究决策/DEC-20260602T000000Z-mig-D20260602R010C1A0EXHAUSTA7485_D20260602-R010C1A0失速预警仅日志层.md,旧库迁移决策，待复核后才能影响新库路线,复核证据链和边界
DEC-20260602T000000Z-mig-D20260602R020A2021GAPWAT86395,RD-20260605T115651Z-main-DP00,,migrated_unverified,D20260602-R020A 2021慢性失速只读标签审计完成,migrated_unverified,2026-06-05T12:00:00Z,2026-06-05T12:00:00Z,05_研究决策/DEC-20260602T000000Z-mig-D20260602R020A2021GAPWAT86395_D20260602-R020A2021慢性失速只读标签审计完成.md,旧库迁移决策，待复核后才能影响新库路线,复核证据链和边界
DEC-20260602T000000Z-mig-D20260602R020AWATCHLABEL145E6,RD-20260605T115651Z-main-DP00,,migrated_unverified,D20260602-R020A 只读标签外推审计后降为案例标签,migrated_unverified,2026-06-05T12:00:00Z,2026-06-05T12:00:00Z,05_研究决策/DEC-20260602T000000Z-mig-D20260602R020AWATCHLABEL145E6_D20260602-R020A只读标签外推审计后降为案例标签.md,旧库迁移决策，待复核后才能影响新库路线,复核证据链和边界
DEC-20260602T000000Z-mig-D20260602R020B3COVERAGEGDF624,RD-20260605T115651Z-main-DP00,,migrated_unverified,D20260602-R020 B3 覆盖率缺口复盘完成,migrated_unverified,2026-06-05T12:00:00Z,2026-06-05T12:00:00Z,05_研究决策/DEC-20260602T000000Z-mig-D20260602R020B3COVERAGEGDF624_D20260602-R020B3覆盖率缺口复盘完成.md,旧库迁移决策，待复核后才能影响新库路线,复核证据链和边界
DEC-20260602T000000Z-mig-D20260602R020BSINGLELABE2D8E2,RD-20260605T115651Z-main-DP00,,migrated_unverified,D20260602-R020B 单项标签拆解后仅保留诊断词典,migrated_unverified,2026-06-05T12:00:00Z,2026-06-05T12:00:00Z,05_研究决策/DEC-20260602T000000Z-mig-D20260602R020BSINGLELABE2D8E2_D20260602-R020B单项标签拆解后仅保留诊断词典.md,旧库迁移决策，待复核后才能影响新库路线,复核证据链和边界
DEC-20260603T000000Z-mig-D20260603R010B5R4SHADOWFE1B67,RD-20260605T115651Z-main-DP00,,migrated_unverified,D20260603-R010B5R4 四段Shadow审计通过事件代理观察中,migrated_unverified,2026-06-05T12:00:00Z,2026-06-05T12:00:00Z,05_研究决策/DEC-20260603T000000Z-mig-D20260603R010B5R4SHADOWFE1B67_D20260603-R010B5R4四段Shadow审计通过事件代理观察中.md,旧库迁移决策，待复核后才能影响新库路线,复核证据链和边界
DEC-20260603T000000Z-mig-D20260603R010B5R5R1FAILU487EB,RD-20260605T115651Z-main-DP00,,migrated_unverified,D20260603-R010B5R5R1 失败归因与公式修订预注册完成,migrated_unverified,2026-06-05T12:00:00Z,2026-06-05T12:00:00Z,05_研究决策/DEC-20260603T000000Z-mig-D20260603R010B5R5R1FAILU487EB_D20260603-R010B5R5R1失败归因与公式修订预注册完成.md,旧库迁移决策，待复核后才能影响新库路线,复核证据链和边界
DEC-20260603T000000Z-mig-D20260603R010B5R5R1SUBSE1008B,RD-20260605T115651Z-main-DP00,,migrated_unverified,D20260603-R010B5R5R1 窄条件严格复核观察级完成,migrated_unverified,2026-06-05T12:00:00Z,2026-06-05T12:00:00Z,05_研究决策/DEC-20260603T000000Z-mig-D20260603R010B5R5R1SUBSE1008B_D20260603-R010B5R5R1窄条件严格复核观察级完成.md,旧库迁移决策，待复核后才能影响新库路线,复核证据链和边界
DEC-20260603T000000Z-mig-D20260603R010B5R5R2ENVLOF1A70,RD-20260605T115651Z-main-DP00,,migrated_unverified,D20260603 R010B5R5R2 事件环境字段日志补全完成,migrated_unverified,2026-06-05T12:00:00Z,2026-06-05T12:00:00Z,05_研究决策/DEC-20260603T000000Z-mig-D20260603R010B5R5R2ENVLOF1A70_D20260603R010B5R5R2事件环境字段日志补全完成.md,旧库迁移决策，待复核后才能影响新库路线,复核证据链和边界
DEC-20260603T000000Z-mig-D20260603R010B5R5R2NEWSH6982C,RD-20260605T115651Z-main-DP00,,migrated_unverified,D20260603 R010B5R5R2 新样本复核与低MedianRet观察,migrated_unverified,2026-06-05T12:00:00Z,2026-06-05T12:00:00Z,05_研究决策/DEC-20260603T000000Z-mig-D20260603R010B5R5R2NEWSH6982C_D20260603R010B5R5R2新样本复核与低MedianRet观察.md,旧库迁移决策，待复核后才能影响新库路线,复核证据链和边界
DEC-20260603T000000Z-mig-D20260603R010B5R5R3LOWME6E2D0,RD-20260605T115651Z-main-DP00,,migrated_unverified,D20260603-R010B5R5R3 低MedianRet条件只读复核完成,migrated_unverified,2026-06-05T12:00:00Z,2026-06-05T12:00:00Z,05_研究决策/DEC-20260603T000000Z-mig-D20260603R010B5R5R3LOWME6E2D0_D20260603-R010B5R5R3低MedianRet条件只读复核完成.md,旧库迁移决策，待复核后才能影响新库路线,复核证据链和边界
DEC-20260603T000000Z-mig-D20260603R010B5R5R4LOWME395CD,RD-20260605T115651Z-main-DP00,,migrated_unverified,D20260603-R010B5R5R4 低MedianRet样本外复核预注册完成,migrated_unverified,2026-06-05T12:00:00Z,2026-06-05T12:00:00Z,05_研究决策/DEC-20260603T000000Z-mig-D20260603R010B5R5R4LOWME395CD_D20260603-R010B5R5R4低MedianRet样本外复核预注册完成.md,旧库迁移决策，待复核后才能影响新库路线,复核证据链和边界
DEC-20260603T000000Z-mig-D20260603R010B5R5COUNTERFCF13,RD-20260605T115651Z-main-DP00,,migrated_unverified,D20260603-R010B5R5 严格Counterfactual审计未通过,migrated_unverified,2026-06-05T12:00:00Z,2026-06-05T12:00:00Z,05_研究决策/DEC-20260603T000000Z-mig-D20260603R010B5R5COUNTERFCF13_D20260603-R010B5R5严格Counterfactual审计未通过.md,旧库迁移决策，待复核后才能影响新库路线,复核证据链和边界
DEC-20260603T000000Z-mig-D20260603R010B5R5COUNTER8ACDD,RD-20260605T115651Z-main-DP00,,migrated_unverified,D20260603-R010B5R5 严格Counterfactual预注册完成,migrated_unverified,2026-06-05T12:00:00Z,2026-06-05T12:00:00Z,05_研究决策/DEC-20260603T000000Z-mig-D20260603R010B5R5COUNTER8ACDD_D20260603-R010B5R5严格Counterfactual预注册完成.md,旧库迁移决策，待复核后才能影响新库路线,复核证据链和边界
DEC-20260603T000000Z-mig-D20260603R010B5S1FORMULAFC5A7,RD-20260605T115651Z-main-DP00,,migrated_unverified,D20260603-R010B5S1 非线性仓位公式组件映射完成,migrated_unverified,2026-06-05T12:00:00Z,2026-06-05T12:00:00Z,05_研究决策/DEC-20260603T000000Z-mig-D20260603R010B5S1FORMULAFC5A7_D20260603-R010B5S1非线性仓位公式组件映射完成.md,旧库迁移决策，待复核后才能影响新库路线,复核证据链和边界
DEC-20260603T000000Z-mig-D20260603R010B5S2COMPONEAA806,RD-20260605T115651Z-main-DP00,,migrated_unverified,D20260603-R010B5S2 波动率项与资金曲线状态组件级只读审计预注册完成,migrated_unverified,2026-06-05T12:00:00Z,2026-06-05T12:00:00Z,05_研究决策/DEC-20260603T000000Z-mig-D20260603R010B5S2COMPONEAA806_D20260603-R010B5S2波动率项与资金曲线状态组件级只读审计预注册完成.md,旧库迁移决策，待复核后才能影响新库路线,复核证据链和边界
DEC-20260603T000000Z-mig-D20260603R010B5S3COMPONE981BE,RD-20260605T115651Z-main-DP00,,migrated_unverified,D20260603-R010B5S3 波动率状态与资金曲线修复组件诊断预注册完成,migrated_unverified,2026-06-05T12:00:00Z,2026-06-05T12:00:00Z,05_研究决策/DEC-20260603T000000Z-mig-D20260603R010B5S3COMPONE981BE_D20260603-R010B5S3波动率状态与资金曲线修复组件诊断预注册完成.md,旧库迁移决策，待复核后才能影响新库路线,复核证据链和边界
DEC-20260603T000000Z-mig-D20260603R010B5S4FORWARDAB15D,RD-20260605T115651Z-main-DP00,,migrated_unverified,D20260603-R010B5S4 前向样本可用性审计完成,migrated_unverified,2026-06-05T12:00:00Z,2026-06-05T12:00:00Z,05_研究决策/DEC-20260603T000000Z-mig-D20260603R010B5S4FORWARDAB15D_D20260603-R010B5S4前向样本可用性审计完成.md,旧库迁移决策，待复核后才能影响新库路线,复核证据链和边界
DEC-20260604T000000Z-mig-D20260604INTRADAY001INTR4FEED,RD-20260605T115651Z-main-DP00,,migrated_unverified,D20260604-INTRADAY-001 日内成交头重脚轻进入执行模型候选,migrated_unverified,2026-06-05T12:00:00Z,2026-06-05T12:00:00Z,05_研究决策/DEC-20260604T000000Z-mig-D20260604INTRADAY001INTR4FEED_D20260604-INTRADAY-001日内成交头重脚轻进入执行模型候选.md,旧库迁移决策，待复核后才能影响新库路线,复核证据链和边界
DEC-20260604T000000Z-mig-D20260604INTRADAY002EXEC42370,RD-20260605T115651Z-main-DP00,,migrated_unverified,D20260604-INTRADAY-002 执行窗口容量稳定性反事实进入规则候选,migrated_unverified,2026-06-05T12:00:00Z,2026-06-05T12:00:00Z,05_研究决策/DEC-20260604T000000Z-mig-D20260604INTRADAY002EXEC42370_D20260604-INTRADAY-002执行窗口容量稳定性反事实进入规则候选.md,旧库迁移决策，待复核后才能影响新库路线,复核证据链和边界
DEC-20260604T000000Z-mig-D20260604INTRADAY003ETFED8483,RD-20260605T115651Z-main-DP00,,migrated_unverified,D20260604-INTRADAY-003 ETF专项执行窗口进入订单规模分层候选,migrated_unverified,2026-06-05T12:00:00Z,2026-06-05T12:00:00Z,05_研究决策/DEC-20260604T000000Z-mig-D20260604INTRADAY003ETFED8483_D20260604-INTRADAY-003ETF专项执行窗口进入订单规模分层候选.md,旧库迁移决策，待复核后才能影响新库路线,复核证据链和边界
DEC-20260604T000000Z-mig-D20260604INTRADAY004ETFDA093F,RD-20260605T115651Z-main-DP00,,migrated_unverified,D20260604-INTRADAY-004 ETF双池买卖时机调整否决,migrated_unverified,2026-06-05T12:00:00Z,2026-06-05T12:00:00Z,05_研究决策/DEC-20260604T000000Z-mig-D20260604INTRADAY004ETFDA093F_D20260604-INTRADAY-004ETF双池买卖时机调整否决.md,旧库迁移决策，待复核后才能影响新库路线,复核证据链和边界
DEC-20260604T000000Z-mig-D20260604R010A4R1DEFAULT94761,RD-20260605T115651Z-main-DP00,,migrated_unverified,D20260604-R010A4R1 默认关闭实现审计通过,migrated_unverified,2026-06-05T12:00:00Z,2026-06-05T12:00:00Z,05_研究决策/DEC-20260604T000000Z-mig-D20260604R010A4R1DEFAULT94761_D20260604-R010A4R1默认关闭实现审计通过.md,旧库迁移决策，待复核后才能影响新库路线,复核证据链和边界
DEC-20260604T000000Z-mig-D20260604R010A4S22024SMO7A618,RD-20260605T115651Z-main-DP00,,migrated_unverified,D20260604-R010A4S2 2024Smoke无交易边际,migrated_unverified,2026-06-05T12:00:00Z,2026-06-05T12:00:00Z,05_研究决策/DEC-20260604T000000Z-mig-D20260604R010A4S22024SMO7A618_D20260604-R010A4S22024Smoke无交易边际.md,旧库迁移决策，待复核后才能影响新库路线,复核证据链和边界
DEC-20260604T000000Z-mig-D20260604R010A4S3SIMPLES1E0EB,RD-20260605T115651Z-main-DP00,,migrated_unverified,D20260604-R010A4S3 简单软排序候选暂不回测,migrated_unverified,2026-06-05T12:00:00Z,2026-06-05T12:00:00Z,05_研究决策/DEC-20260604T000000Z-mig-D20260604R010A4S3SIMPLES1E0EB_D20260604-R010A4S3简单软排序候选暂不回测.md,旧库迁移决策，待复核后才能影响新库路线,复核证据链和边界
DEC-20260604T000000Z-mig-D20260604R010A4S4TOP1FAS08CF8,RD-20260605T115651Z-main-DP00,,migrated_unverified,D20260604-R010A4S4 Top1近端衰竭替换候选进入S5,migrated_unverified,2026-06-05T12:00:00Z,2026-06-05T12:00:00Z,05_研究决策/DEC-20260604T000000Z-mig-D20260604R010A4S4TOP1FAS08CF8_D20260604-R010A4S4Top1近端衰竭替换候选进入S5.md,旧库迁移决策，待复核后才能影响新库路线,复核证据链和边界
DEC-20260604T000000Z-mig-D20260604R010A4S5OOSREJED236E,RD-20260605T115651Z-main-DP00,,migrated_unverified,D20260604-R010A4S5 OOS否决交易化保留默认关闭,migrated_unverified,2026-06-05T12:00:00Z,2026-06-05T12:00:00Z,05_研究决策/DEC-20260604T000000Z-mig-D20260604R010A4S5OOSREJED236E_D20260604-R010A4S5OOS否决交易化保留默认关闭.md,旧库迁移决策，待复核后才能影响新库路线,复核证据链和边界
DEC-20260604T000000Z-mig-D20260604R010A4S5TOP1FAS19CC2,RD-20260605T115651Z-main-DP00,,migrated_unverified,D20260604-R010A4S5 Top1近端衰竭替换进入OOS默认关闭验证,migrated_unverified,2026-06-05T12:00:00Z,2026-06-05T12:00:00Z,05_研究决策/DEC-20260604T000000Z-mig-D20260604R010A4S5TOP1FAS19CC2_D20260604-R010A4S5Top1近端衰竭替换进入OOS默认关闭验证.md,旧库迁移决策，待复核后才能影响新库路线,复核证据链和边界
DEC-20260604T000000Z-mig-D20260604R010A4S6ARCHIVEB4BBD,RD-20260605T115651Z-main-DP00,,migrated_unverified,D20260604-R010A4S6 R010A4交易路径归档为只读诊断,migrated_unverified,2026-06-05T12:00:00Z,2026-06-05T12:00:00Z,05_研究决策/DEC-20260604T000000Z-mig-D20260604R010A4S6ARCHIVEB4BBD_D20260604-R010A4S6R010A4交易路径归档为只读诊断.md,旧库迁移决策，待复核后才能影响新库路线,复核证据链和边界
DEC-20260604T000000Z-mig-D20260604R010A4SOFTRANKF4520F,RD-20260605T115651Z-main-DP00,,migrated_unverified,D20260604-R010A4 软排序字段实现审计完成,migrated_unverified,2026-06-05T12:00:00Z,2026-06-05T12:00:00Z,05_研究决策/DEC-20260604T000000Z-mig-D20260604R010A4SOFTRANKF4520F_D20260604-R010A4软排序字段实现审计完成.md,旧库迁移决策，待复核后才能影响新库路线,复核证据链和边界
DEC-20260604T000000Z-mig-D20260604R010A5A2FILTERTB61F2,RD-20260605T115651Z-main-DP00,,migrated_unverified,D20260604-R010A5 A2过滤层稀薄换仓进入默认关闭Shadow,migrated_unverified,2026-06-05T12:00:00Z,2026-06-05T12:00:00Z,05_研究决策/DEC-20260604T000000Z-mig-D20260604R010A5A2FILTERTB61F2_D20260604-R010A5A2过滤层稀薄换仓进入默认关闭Shadow.md,旧库迁移决策，待复核后才能影响新库路线,复核证据链和边界
DEC-20260604T000000Z-mig-D20260604R010A6S3KEEPCURF40D7,RD-20260605T115651Z-main-DP00,,migrated_unverified,D20260604-R010A6S3 保持旧仓失败归因为替代路径错误,migrated_unverified,2026-06-05T12:00:00Z,2026-06-05T12:00:00Z,05_研究决策/DEC-20260604T000000Z-mig-D20260604R010A6S3KEEPCURF40D7_D20260604-R010A6S3保持旧仓失败归因为替代路径错误.md,旧库迁移决策，待复核后才能影响新库路线,复核证据链和边界
DEC-20260604T000000Z-mig-D20260604R010A6FILTERTHIF1C3F,RD-20260605T115651Z-main-DP00,,migrated_unverified,D20260604-R010A6 过滤层稀薄保持旧仓2024Smoke否决,migrated_unverified,2026-06-05T12:00:00Z,2026-06-05T12:00:00Z,05_研究决策/DEC-20260604T000000Z-mig-D20260604R010A6FILTERTHIF1C3F_D20260604-R010A6过滤层稀薄保持旧仓2024Smoke否决.md,旧库迁移决策，待复核后才能影响新库路线,复核证据链和边界
DEC-20260604T000000Z-mig-D20260604R010A7FILTERTHIE012B,RD-20260605T115651Z-main-DP00,,migrated_unverified,D20260604-R010A7 过滤层稀薄替代目标只读否决,migrated_unverified,2026-06-05T12:00:00Z,2026-06-05T12:00:00Z,05_研究决策/DEC-20260604T000000Z-mig-D20260604R010A7FILTERTHIE012B_D20260604-R010A7过滤层稀薄替代目标只读否决.md,旧库迁移决策，待复核后才能影响新库路线,复核证据链和边界
DEC-20260604T000000Z-mig-D20260604R010A8FILTERTHI98CD9,RD-20260605T115651Z-main-DP00,,migrated_unverified,D20260604-R010A8 过滤层稀薄Top2正ret5时Top3替代进入Smoke候选,migrated_unverified,2026-06-05T12:00:00Z,2026-06-05T12:00:00Z,05_研究决策/DEC-20260604T000000Z-mig-D20260604R010A8FILTERTHI98CD9_D20260604-R010A8过滤层稀薄Top2正ret5时Top3替代进入Smoke候选.md,旧库迁移决策，待复核后才能影响新库路线,复核证据链和边界
DEC-20260605T000000Z-mig-R010OVERHEAT8BB73,RD-20260605T115651Z-main-DP00,,migrated_unverified,D20260605-OVERHEAT-001 过热拥挤机制保留并拆分职责,migrated_unverified,2026-06-05T12:00:00Z,2026-06-05T12:00:00Z,05_研究决策/DEC-20260605T000000Z-mig-R010OVERHEAT8BB73_D20260605-OVERHEAT-001过热拥挤机制保留并拆分职责.md,旧库迁移决策，待复核后才能影响新库路线,复核证据链和边界
DEC-20260605T000000Z-mig-D20260605R010A10A2LOWDIS81A24,RD-20260605T115651Z-main-DP00,,migrated_unverified,D20260605 R010A10 A2 换仓低离散小差距延迟确认进入默认关闭 Shadow 候选,migrated_unverified,2026-06-05T12:00:00Z,2026-06-05T12:00:00Z,05_研究决策/DEC-20260605T000000Z-mig-D20260605R010A10A2LOWDIS81A24_D20260605R010A10A2换仓低离散小差距延迟确认进入默认关闭Shadow候选.md,旧库迁移决策，待复核后才能影响新库路线,复核证据链和边界
DEC-20260605T000000Z-mig-D20260605R010A10S1SHADOW67360,RD-20260605T115651Z-main-DP00,,migrated_unverified,D20260605 R010A10S1 Shadow 四分段隔离通过但触发容量不足,migrated_unverified,2026-06-05T12:00:00Z,2026-06-05T12:00:00Z,05_研究决策/DEC-20260605T000000Z-mig-D20260605R010A10S1SHADOW67360_D20260605R010A10S1Shadow四分段隔离通过但触发容量不足.md,旧库迁移决策，待复核后才能影响新库路线,复核证据链和边界
DEC-20260605T000000Z-mig-D20260605R010A120020A499,RD-20260605T115651Z-main-DP00,,migrated_unverified,D20260605-R010A12-002 lit_gate6 正式首轮转风险优先候选,migrated_unverified,2026-06-05T12:00:00Z,2026-06-05T12:00:00Z,05_研究决策/DEC-20260605T000000Z-mig-D20260605R010A120020A499_D20260605-R010A12-002lit_gate6正式首轮转风险优先候选.md,旧库迁移决策，待复核后才能影响新库路线,复核证据链和边界
DEC-20260605T000000Z-mig-D20260605R010A120034C556,RD-20260605T115651Z-main-DP00,,migrated_unverified,D20260605-R010A12-003 lit_gate6 四段验证不替代 hard5,migrated_unverified,2026-06-05T12:00:00Z,2026-06-05T12:00:00Z,05_研究决策/DEC-20260605T000000Z-mig-D20260605R010A120034C556_D20260605-R010A12-003lit_gate6四段验证不替代hard5.md,旧库迁移决策，待复核后才能影响新库路线,复核证据链和边界
DEC-20260605T000000Z-mig-D20260605R010A12001B6233,RD-20260605T115651Z-main-DP00,,migrated_unverified,D20260605-R010A12 顶刊文献过热门控进入 formal 候选,migrated_unverified,2026-06-05T12:00:00Z,2026-06-05T12:00:00Z,05_研究决策/DEC-20260605T000000Z-mig-D20260605R010A12001B6233_D20260605-R010A12顶刊文献过热门控进入formal候选.md,旧库迁移决策，待复核后才能影响新库路线,复核证据链和边界
DEC-20260605T000000Z-mig-D20260605R010A9S3SHADOW25138E,RD-20260605T115651Z-main-DP00,,migrated_unverified,D20260605-R010A9S3 Shadow 2024 Smoke 交易隔离通过,migrated_unverified,2026-06-05T12:00:00Z,2026-06-05T12:00:00Z,05_研究决策/DEC-20260605T000000Z-mig-D20260605R010A9S3SHADOW25138E_D20260605-R010A9S3Shadow2024Smoke交易隔离通过.md,旧库迁移决策，待复核后才能影响新库路线,复核证据链和边界
DEC-20260605T000000Z-mig-D20260605R010A9S3SHADOWME239F,RD-20260605T115651Z-main-DP00,,migrated_unverified,D20260605-R010A9S3 Shadow 多分段 Smoke 交易隔离通过,migrated_unverified,2026-06-05T12:00:00Z,2026-06-05T12:00:00Z,05_研究决策/DEC-20260605T000000Z-mig-D20260605R010A9S3SHADOWME239F_D20260605-R010A9S3Shadow多分段Smoke交易隔离通过.md,旧库迁移决策，待复核后才能影响新库路线,复核证据链和边界
DEC-20260605T000000Z-mig-D20260605R010A9S3SHADOWF15A7F,RD-20260605T115651Z-main-DP00,,migrated_unverified,D20260605-R010A9S3 Shadow 四分段全覆盖交易隔离通过,migrated_unverified,2026-06-05T12:00:00Z,2026-06-05T12:00:00Z,05_研究决策/DEC-20260605T000000Z-mig-D20260605R010A9S3SHADOWF15A7F_D20260605-R010A9S3Shadow四分段全覆盖交易隔离通过.md,旧库迁移决策，待复核后才能影响新库路线,复核证据链和边界
DEC-20260605T000000Z-mig-D20260605R010A9S3NEGATIV01981,RD-20260605T115651Z-main-DP00,,migrated_unverified,D20260605-R010A9S3 负贡献收窄规则暂不推进,migrated_unverified,2026-06-05T12:00:00Z,2026-06-05T12:00:00Z,05_研究决策/DEC-20260605T000000Z-mig-D20260605R010A9S3NEGATIV01981_D20260605-R010A9S3负贡献收窄规则暂不推进.md,旧库迁移决策，待复核后才能影响新库路线,复核证据链和边界
DEC-20260605T000000Z-mig-D20260605R010A9S3FILTERT522F8,RD-20260605T115651Z-main-DP00,,migrated_unverified,D20260605-R010A9 S3 过滤层稀薄 Top3 替代进入默认关闭候选,migrated_unverified,2026-06-05T12:00:00Z,2026-06-05T12:00:00Z,05_研究决策/DEC-20260605T000000Z-mig-D20260605R010A9S3FILTERT522F8_D20260605-R010A9S3过滤层稀薄Top3替代进入默认关闭候选.md,旧库迁移决策，待复核后才能影响新库路线,复核证据链和边界
DEC-20260605T000000Z-mig-D20260605R010A9S3PROMOTEA1784,RD-20260605T115651Z-main-DP00,,migrated_unverified,D20260605-R010A9S3 进入默认关闭 Shadow 观察规格,migrated_unverified,2026-06-05T12:00:00Z,2026-06-05T12:00:00Z,05_研究决策/DEC-20260605T000000Z-mig-D20260605R010A9S3PROMOTEA1784_D20260605-R010A9S3进入默认关闭Shadow观察规格.md,旧库迁移决策，待复核后才能影响新库路线,复核证据链和边界
DEC-20260605T000000Z-mig-D20260605R010A9S3EVENTTRFF926,RD-20260605T115651Z-main-DP00,,migrated_unverified,D20260605-R010A9S3 十五触发成交可用性复核暂不实盘,migrated_unverified,2026-06-05T12:00:00Z,2026-06-05T12:00:00Z,05_研究决策/DEC-20260605T000000Z-mig-D20260605R010A9S3EVENTTRFF926_D20260605-R010A9S3十五触发成交可用性复核暂不实盘.md,旧库迁移决策，待复核后才能影响新库路线,复核证据链和边界
DEC-20260605T000000Z-mig-D20260605R010A9S3PREVISIBED4A,RD-20260605T115651Z-main-DP00,,migrated_unverified,D20260605-R010A9S3 预可见容量护栏进入预注册候选,migrated_unverified,2026-06-05T12:00:00Z,2026-06-05T12:00:00Z,05_研究决策/DEC-20260605T000000Z-mig-D20260605R010A9S3PREVISIBED4A_D20260605-R010A9S3预可见容量护栏进入预注册候选.md,旧库迁移决策，待复核后才能影响新库路线,复核证据链和边界
DEC-20260605T000000Z-mig-D20260605R010A9S4HOTBRAN07EE6,RD-20260605T115651Z-main-DP00,,migrated_unverified,D20260605-R010A9S4 高热度窄主线热分支 2024 Smoke 否决,migrated_unverified,2026-06-05T12:00:00Z,2026-06-05T12:00:00Z,05_研究决策/DEC-20260605T000000Z-mig-D20260605R010A9S4HOTBRAN07EE6_D20260605-R010A9S4高热度窄主线热分支2024Smoke否决.md,旧库迁移决策，待复核后才能影响新库路线,复核证据链和边界
DEC-20260605T000000Z-mig-D20260605R010A9S5LIVEREACBC67,RD-20260605T115651Z-main-DP00,,migrated_unverified,D20260605 R010A9S5 Live-Readiness 未通过保持 Shadow,migrated_unverified,2026-06-05T12:00:00Z,2026-06-05T12:00:00Z,05_研究决策/DEC-20260605T000000Z-mig-D20260605R010A9S5LIVEREACBC67_D20260605R010A9S5Live-Readiness未通过保持Shadow.md,旧库迁移决策，待复核后才能影响新库路线,复核证据链和边界
DEC-20260605T000000Z-mig-D20260605R010A9S5SECONDGA3C4D,RD-20260605T115651Z-main-DP00,,migrated_unverified,D20260605 R010A9S5 二级护栏弱候选进入预注册不交易化,migrated_unverified,2026-06-05T12:00:00Z,2026-06-05T12:00:00Z,05_研究决策/DEC-20260605T000000Z-mig-D20260605R010A9S5SECONDGA3C4D_D20260605R010A9S5二级护栏弱候选进入预注册不交易化.md,旧库迁移决策，待复核后才能影响新库路线,复核证据链和边界
DEC-20260605T000000Z-mig-D20260605R010A9S5CAPACIT8C374,RD-20260605T115651Z-main-DP00,,migrated_unverified,D20260605 R010A9S5 容量护栏 Shadow 通过四分段隔离,migrated_unverified,2026-06-05T12:00:00Z,2026-06-05T12:00:00Z,05_研究决策/DEC-20260605T000000Z-mig-D20260605R010A9S5CAPACIT8C374_D20260605R010A9S5容量护栏Shadow通过四分段隔离.md,旧库迁移决策，待复核后才能影响新库路线,复核证据链和边界
DEC-20260605T000000Z-mig-D20260605R010A9S6SHADOWI6363E,RD-20260605T115651Z-main-DP00,,migrated_unverified,D20260605 R010A9S6 二级护栏 Shadow 通过四分段隔离但不交易化,migrated_unverified,2026-06-05T12:00:00Z,2026-06-05T12:00:00Z,05_研究决策/DEC-20260605T000000Z-mig-D20260605R010A9S6SHADOWI6363E_D20260605R010A9S6二级护栏Shadow通过四分段隔离但不交易化.md,旧库迁移决策，待复核后才能影响新库路线,复核证据链和边界
DEC-20260605T000000Z-mig-R010A11F55BE,RD-20260605T115651Z-main-DP00,,migrated_unverified,D20260605-SCORECAP-001 score 大于 5 硬过滤保留但进入替代研究,migrated_unverified,2026-06-05T12:00:00Z,2026-06-05T12:00:00Z,05_研究决策/DEC-20260605T000000Z-mig-R010A11F55BE_D20260605-SCORECAP-001score大于5硬过滤保留但进入替代研究.md,旧库迁移决策，待复核后才能影响新库路线,复核证据链和边界
DEC-20260605T133351Z-main-7PRX,RD-20260605T133318Z-main-H6V3,EX-20260605T133336Z-main-UBVU,kill,非金融高分放行不晋级,active,2026-06-05T13:33:51Z,2026-06-05T13:33:51Z,05_研究决策/DEC-20260605T133351Z-main-7PRX_非金融高分放行不晋级.md,非金融高分放行关键窗口收益和回撤同时严重失败,停止该候选，转向next-best和状态识别
DEC-20260605T133351Z-main-ECU2,RD-20260605T133318Z-main-H6V3,EX-20260605T133336Z-main-MZJE,kill,hard5 next-best通用selector不晋级,active,2026-06-05T13:33:51Z,2026-06-05T13:33:51Z,05_研究决策/DEC-20260605T133351Z-main-ECU2_hard5 next-best通用selector不晋级.md,通用selector胜率和分段稳定性不足，不能替代hard5,停止通用selector，转向资产属性分层
DEC-20260605T133351Z-main-26J6,RD-20260605T133318Z-main-H6V3,EX-20260605T133336Z-main-DMB9,promote_candidate,资产属性分层成为hard5替代前置条件,active,2026-06-05T13:33:51Z,2026-06-05T13:33:51Z,05_研究决策/DEC-20260605T133351Z-main-26J6_资产属性分层成为hard5替代前置条件.md,其他主题几乎全为商品LOF，后续hard5研究必须先分层,构造A16/A17只读状态变量面板
DEC-20260605T135046Z-main-P5V8,RD-20260605T133318Z-main-H6V3,EX-20260605T133336Z-main-UBVU;EX-20260605T133336Z-main-MZJE;EX-20260605T133336Z-main-DMB9;EX-20260605T135028Z-main-76GD,revise,无条件score大于5硬过滤不应作为默认规则,active,2026-06-05T13:50:46Z,2026-06-05T13:51:00Z,05_研究决策/DEC-20260605T135046Z-main-P5V8_无条件score大于5硬过滤不应作为默认规则.md,score>5不能单独代表过热拥挤，应降级为条件状态变量,设计并运行A17条件化hard5回测
DEC-20260605T151211Z-main-YFNK,RD-20260605T133318Z-main-H6V3,EX-20260605T151211Z-main-JDPL,kill,A17条件化hard5不晋级且保留hard5基线,active,2026-06-05T15:12:11Z,2026-06-05T15:40:00Z,05_研究决策/DEC-20260605T151211Z-main-YFNK_A17条件化hard5不晋级且保留hard5基线.md,A17 v1放行异常高分导致关键窗口崩溃，修复后v2_smooth收益回撤均弱于hard5，当前无证据支持替换默认hard5,默认hard5继续保留；不运行v1商品放宽；下一轮研究异常价格闸和soft overheat budget
DEC-20260605T165030Z-main-HSEH,RD-20260605T133318Z-main-H6V3,EX-20260605T165020Z-main-Z5EP,revise,A19不替代hard5但进入市场状态条件化候选,active,2026-06-05T16:50:30Z,2026-06-05T16:50:30Z,05_研究决策/DEC-20260605T165030Z-main-HSEH_A19不替代hard5但进入市场状态条件化候选.md,ret5_9_12当前窗口有效但跨段不稳定，不能替代hard5,默认hard5继续保留；A20先做市场状态只读归因再决定formal V2
DEC-20260605T184943Z-main-CKNC,RD-20260605T133318Z-main-H6V3,EX-20260605T184943Z-main-Q3YU,promote_candidate,A20进入候选但不替代默认hard5且A21不晋级,active,2026-06-05T18:49:43Z,2026-06-05T18:49:43Z,05_研究决策/DEC-20260605T184943Z-main-CKNC_A20进入候选但不替代默认hard5且A21不晋级.md,A20是第一正式候选但默认hard5保留；A21二次代理formal失败不晋级,围绕A20做仓位预算、保留旧仓、冷却期等A22 formal四段验证
DEC-20260605T220430Z-main-9QNJ,RD-20260605T133318Z-main-H6V3,EX-20260605T220429Z-main-EQFU,promote_candidate,A22cap70晋级为hard5替代首选候选但暂不默认上线,active,2026-06-05T22:04:30Z,2026-06-05T22:04:30Z,05_研究决策/DEC-20260605T220430Z-main-9QNJ_A22cap70晋级为hard5替代首选候选但暂不默认上线.md,A22 cap70成为当前首选formal候选；cap60为风险型备选；默认hard5仍保留,新开A23状态分层预算并做A22原生命名、cap65/cap75和成本扰动
DEC-20260606T073601Z-main-VK2A,RD-20260605T133318Z-main-H6V3,EX-20260606T073600Z-main-R8M6;EX-20260605T220429Z-main-EQFU,revise,A23不替代A22cap70但保留为风险平衡挑战者,active,2026-06-06T07:36:01Z,2026-06-06T07:36:01Z,05_研究决策/DEC-20260606T073601Z-main-VK2A_A23不替代A22cap70但保留为风险平衡挑战者.md,A23 88/6改善2020且保留2025，但2022最终权益和回撤略弱于A22 cap70，不能晋级为当前首选,A22 cap70继续为首选；A23做90/6、92/4、dispersion交互和2022事件归因
DEC-20260606T083101Z-main-S7NP,RD-20260605T133318Z-main-H6V3,EX-20260606T021645Z-main-U7X2;EX-20260606T083100Z-main-D9QK;EX-20260606T073600Z-main-R8M6;EX-20260605T220429Z-main-EQFU,promote_candidate,A23_92_4_d09晋级为hard5替代首选候选,active,2026-06-06T08:31:01Z,2026-06-06T07:36:25Z,05_研究决策/DEC-20260606T083101Z-main-S7NP_A23_92_4_d09晋级为hard5替代首选候选.md,A23 92/4/d09同配置四段可见重跑已复现D9QK，最小邻近矩阵12/12完成且isolated_optimum_warning=false，仍是hard5替代研究首选L2_robustness_partial候选,默认生产仍保留hard5；补四段完整邻近矩阵、cap邻近、成本扰动、事件级归因和forward OOS后再判断是否升级
DEC-20260605T235338Z-main-WVZZ,RD-20260605T131301Z-main-KC7N,EX-20260605T234635Z-main-CTRD;EX-20260605T140100Z-main-B7VH,revise,主题簇强主线不作为正向放行条件,active,2026-06-05T23:53:38Z,2026-06-05T23:58:00Z,05_研究决策/DEC-20260605T235338Z-main-WVZZ_主题簇强主线不作为正向放行条件.md,6p_same不支持正向放行；金融top1更像风险标签但仍需formal V2 A/B验证,停止6p正向放行路线；主题簇后续只做金融坏桶/高集中度风险预算A/B预注册
DEC-20260607T235302Z-main-8GQQ,RD-20260605T131301Z-main-KC7N,EX-20260606T000758Z-main-VVVN,park,主题簇金融风险预算formal失败后暂停决策,active,2026-06-07T23:53:02Z,2026-06-07T23:53:40Z,05_研究决策/DEC-20260607T235302Z-main-8GQQ_主题簇金融风险预算formal失败后暂停决策.md,VVVN四段三组formal完成；financial_top1_cap70只有1/4收益优于baseline，financial_or_share_ge050_cap70虽4/4回撤改善但0/4收益优于baseline且机会成本过大,暂停主题风险预算交易化；主题簇只保留只读诊断，不promote、不默认打开、不后验扩阈值
DEC-20260606T122535Z-main-GAAL,RD-20260605T115651Z-main-CORE,EX-20260606T012550Z-main-LM3D,kill,LM3D年化尺度与Top4权重不进入默认逻辑,active,2026-06-06T12:25:35Z,2026-06-06T12:25:00Z,05_研究决策/DEC-20260606T122535Z-main-GAAL_LM3D年化尺度与Top4权重不进入默认逻辑.md,ann25、Top4 40/30/20/10和取消hard5上限均未通过32/32 formal，不进入默认逻辑,LM3D只补成本扰动、错位评分负控和未来函数审计；回测资源转向A23稳健性补证
DEC-20260606T222754Z-main-VGF5,RD-20260605T133318Z-main-H6V3,EX-20260606T200545Z-main-GCHV;EX-20260606T201735Z-main-QK38,kill,QK38商品LOF尾部回撤放行不晋级,active,2026-06-06T22:27:54Z,2026-06-06T22:35:00Z,05_研究决策/DEC-20260606T222754Z-main-VGF5_QK38商品LOF尾部回撤放行不晋级.md,QK38 8/8 formal失败：hard5分支四段合计final少12042.22，A23分支四段合计final少47231.09，GCHV只读种子被组合路径证伪,关闭商品LOF尾部回撤放行；默认hard5保留，A23仍只作为soft budget研究候选；资源转向5KZW、TC8U成本扰动和A23事件归因
DEC-20260607T094500Z-main-RQ9M,RD-20260605T115651Z-main-CORE;RD-20260605T133318Z-main-H6V3,EX-20260606T185537Z-main-5KZW,kill,5KZW多周期动量确认不替代hard5或A23,active,2026-06-07T01:45:00Z,2026-06-07T01:45:00Z,05_研究决策/DEC-20260607T094500Z-main-RQ9M_5KZW多周期动量确认不替代hard5或A23.md,5KZW 16/16 formal完成；三个多周期确认候选均只有1/4分段final不低于baseline，四段合计final分别少23066.55、25284.31、19484.67,关闭5KZW直接替代路线；默认hard5保留，A23继续做事件归因和成本/换手约束版本
DEC-20260607T035846Z-main-2NYF,RD-20260603T000000Z-mig-HD5EEBAA8D5EEB;RD-20260603T000000Z-mig-H35F08B9535F08,EX-20260607T033527Z-main-UKVS;EX-20260607T035232Z-main-8QKX,revise,涨停基因小市值修复后执行防线决策,active,2026-06-07T03:58:46Z,2026-06-07T06:45:00Z,05_研究决策/DEC-20260607T035846Z-main-2NYF_涨停基因小市值修复后执行防线决策.md,保留count_p10_n6_guard_env_hold4为日频研究候选；严格日频口径收益+76.04%、回撤-26.78%，但分钟单点执行通过率严重不足,下游VJDG已完成TWAP修复并解除单点容量阻断；最新GRKL决策为默认关闭observe，仍禁止直接打开实盘默认开关
DEC-20260607T064247Z-main-GRKL,RD-20260603T000000Z-mig-HD5EEBAA8D5EEB;RD-20260603T000000Z-mig-H35F08B9535F08,EX-20260607T062555Z-main-VJDG,observe,涨停基因TWAP执行修复后观察决策,active,2026-06-07T06:42:47Z,2026-06-07T06:45:00Z,05_研究决策/DEC-20260607T064247Z-main-GRKL_涨停基因TWAP执行修复后观察决策.md,TWAP解除8QKX单点分钟容量阻断，p05收益+71.99%、回撤-25.56%，p03收益+71.35%、回撤-26.09%，成交完成率约98%；但未验证盘口队列和真实冲击成本,允许默认关闭shadow/observe；记录20-60个交易日纸面成交、滑点、未成交和容量后，再决定是否进入小资金试运行
DEC-20260607T075721Z-main-DPRK,RD-20260603T000000Z-mig-HD5EEBAA8D5EEB;RD-20260603T000000Z-mig-H35F08B9535F08,EX-20260607T073711Z-main-WS6K;EX-20260607T081421Z-main-S5D6,revise,微盘低价公开策略复现后修订决策,active,2026-06-07T07:57:21Z,2026-06-07T08:55:00Z,05_研究决策/DEC-20260607T075721Z-main-DPRK_微盘低价公开策略复现后修订决策.md,公开微盘策略日频收益很强但低价排序被消融反证；修正版S5D6显示strict_base TWAP可观察，p03/p05/p10收益+453.73%/+444.97%/+437.12%，但no_low_price_sort仍支配低价排序且容量未过门槛,原公开版仍不得实盘或shadow；最新582N决策允许strict_base默认关闭observe，下一步做no_low_price_sort容量修复
DEC-20260607T084625Z-main-582N,RD-20260603T000000Z-mig-HD5EEBAA8D5EEB;RD-20260603T000000Z-mig-H35F08B9535F08,EX-20260607T073711Z-main-WS6K;EX-20260607T081421Z-main-S5D6,observe,微盘TWAP容量修复后观察决策,active,2026-06-07T08:46:25Z,2026-06-07T08:55:00Z,05_研究决策/DEC-20260607T084625Z-main-582N_微盘TWAP容量修复后观察决策.md,strict_base_p03/p05/p10在修正未来函数风险后全部通过TWAP门槛，收益+453.73%/+444.97%/+437.12%，最大回撤约-21%，买入完成率95%+；但执行模型仍非实盘级,允许strict_base默认关闭observe；补盘口级审计、纸面成交、资金压力和实盘联调前不得shadow或实盘
DEC-20260607T091838Z-main-YMEP,RD-20260603T000000Z-mig-HD5EEBAA8D5EEB,EX-20260607T081421Z-main-S5D6;EX-20260607T085553Z-main-SPDR,revise,无低价排序TWAP简单容量修复失败决策,active,2026-06-07T09:18:38Z,2026-06-07T09:20:00Z,05_研究决策/DEC-20260607T091838Z-main-YMEP_无低价排序TWAP简单容量修复失败决策.md,SPDR四个no_low候选收益+610.55%到+629.68%、回撤约-18%，但买入完成率94.08%-94.29%且平均持仓数33-40，简单过滤/宽窗口修复失败,微盘路线仍以S5D6 strict_base默认关闭observe为上限；no_low若继续必须做分日建仓或盘口级执行新实验
DEC-20260607T095907Z-main-B43Y,RD-20260603T000000Z-mig-HD5EEBAA8D5EEB,EX-20260607T081421Z-main-S5D6;EX-20260607T085553Z-main-SPDR;EX-20260607T094505Z-main-2AM7,park,无低价排序分日建仓失败后暂停决策,active,2026-06-07T09:59:07Z,2026-06-07T10:05:00Z,05_研究决策/DEC-20260607T095907Z-main-B43Y_无低价排序分日建仓失败后暂停决策.md,SPDR简单修复买入完成率仍约94%，2AM7分日建仓进一步降到86%-87%；no_low收益线索仍在但当前低成本执行修复全部失败,暂停no_low执行修复线；S5D6 strict_base是当前微盘路线唯一默认关闭observe候选，下一步做纸面成交、盘口/tick接入或实盘dry-run
DEC-20260607T095915Z-main-BP3L,RD-20260605T115651Z-main-EXE0,EX-20260606T140752Z-main-TC8U;EX-20260607T083033Z-main-C35J,observe,TopN抗抖随机延迟负控后观察决策,active,2026-06-07T09:59:15Z,2026-06-07T10:06:48Z,05_研究决策/DEC-20260607T095915Z-main-BP3L_TopN抗抖随机延迟负控后观察决策.md,C35J 16/16 strict完成；random50相对Top3/gap为3/4分段final不低、3/4分段MDD不差，四段合计final多93692.92，触发负控证伪；2024归因显示Top3/gap落后主要来自持仓错位,方向4保持observe；不promote Top3/gap、confirm1或random50；若继续必须新开换仓确认机制预注册，先做seed敏感性、2022失败归因和成本扰动
DEC-20260607T102206Z-main-XBWS,RD-20260605T133318Z-main-H6V3,EX-20260607T101347Z-main-VX4J,revise,A23事件归因后先做同成本配对决策,active,2026-06-07T10:22:06Z,2026-06-07T10:48:00Z,05_研究决策/DEC-20260607T102206Z-main-XBWS_A23事件归因后先做同成本配对决策.md,VX4J显示A23独有贡献很窄：相对A22只在2020多634.92，2025强收益来自A22/A23共同base cap70；高成本弱化还缺同成本公平对照,不直接做A23换手约束formal；先跑hard5/A22/A23同成本配对，通过后才允许新开持仓延续或换手约束候选
DEC-20260608T003551Z-main-DYSF,RD-20260605T115651Z-main-DEF0,EX-20260608T003333Z-main-ARBE,observe,R010C与C1复核后仅日志层观察决策,active,2026-06-08T00:35:51Z,2026-06-08T01:12:30Z,05_研究决策/DEC-20260608T003551Z-main-DYSF_R010C与C1复核后仅日志层观察决策.md,R010-C/C1旧证据可复核为日志层诊断：A0漏防有局部价值，但C1对-15%深回撤提前覆盖仅19.05%，2024覆盖为0,保留r010c1_*字段做观察和归因；不得直接降仓、清仓、切511880或增强hard5/A22；后续由U7FN接续完成B3/tiered-v2骨架复核
DEC-20260608T005556Z-main-U7FN,RD-20260605T115651Z-main-DEF0,EX-20260608T005518Z-main-XK5W,revise_baseline_skeleton_kept,B3Gate与TieredV2复核后保留为防御骨架决策,active,2026-06-08T00:55:56Z,2026-06-08T01:12:30Z,05_研究决策/DEC-20260608T005556Z-main-U7FN_B3Gate与TieredV2复核后保留为防御骨架决策.md,B3Gate/tiered-v2旧链条通过只读复核，可作为防御仓位骨架；tiered-v2相对cap80四段拼接收益多117.30pp、回撤改善2.88pp，但有分段机会成本和质量缺口,保留B3Gate/tiered-v2为研究基底；不production promote、不扩旧参数；若继续防御模块，转向A1/A2动作链、静态平均仓位对照或滞后一日负控
DEC-20260608T010610Z-main-G9HZ,RD-20260605T133318Z-main-H6V3,EX-20260608T010245Z-main-GNQH,observe,A22收益有效性闭环后维持观察决策,active,2026-06-08T01:06:10Z,2026-06-08T01:18:00Z,05_研究决策/DEC-20260608T010610Z-main-G9HZ_A22收益有效性闭环后维持观察决策.md,GNQH闭环显示A22收益和工程证据可追溯，但promote_ready=false；live dry-run缺失且YA5R/LWC4触发为0，不能生产切换。,保持A22 default-off observe和默认hard5；等待LIVE_TRADING_ROOT后做真实dry-run，或新开含A22触发的forward/OOS收益实验。
DEC-20260608T012134Z-main-T9JS,RD-20260605T115651Z-main-DEF0,EX-20260608T012134Z-main-5YF3,revise_action_chain_boundary,A1A2动作链复核后边界决策,active,2026-06-08T01:21:34Z,2026-06-08T01:40:00Z,05_研究决策/DEC-20260608T012134Z-main-T9JS_A1A2动作链复核后边界决策.md,A1/A2旧动作链不整包进入防御模块；A1 cap-only仅保留为防守叠层候选，A2-slope004归入进攻低换手底座。,不扩A2旧参数；优先新开A1 cap-only静态平均仓位对照、A1触发重构或触发滞后一日负控。
DEC-20260608T040036Z-main-WAHD,RD-20260605T115651Z-main-DEF0,EX-20260608T013754Z-main-CR32,park,A1静态仓位负控失败后暂停交易化决策,active,2026-06-08T04:00:36Z,2026-06-08T04:10:00Z,05_研究决策/DEC-20260608T040036Z-main-WAHD_A1静态仓位负控失败后暂停交易化决策.md,CR32显示A1 cap-only未通过同平均仓位静态cap负控，回撤改善主要可由低平均仓位解释，不再作为交易规则推进。,暂停A1 cap-only；保留A1诊断字段；若继续只做触发重构或滞后一日负控预注册。
DEC-20260608T072559Z-main-B3QC,RD-20260605T115651Z-main-DEF0,EX-20260608T041610Z-main-B3QC,continue_negative_control,B3Gate与TieredV2成本扰动通过后继续负控决策,active,2026-06-08T07:25:59Z,2026-06-08T07:25:59Z,05_研究决策/DEC-20260608T072559Z-main-B3QC_B3Gate与TieredV2成本扰动通过后继续负控决策.md,B3QC显示tiered-v2在cost2x/slip2bps下仍优于cap80：复合收益12.1507高于11.3111，拼接MDD -28.22%好于-30.37%，final和MDD均3/4不差。,继续新开触发滞后一日负控；不production promote，不扩cap、阈值、状态标签或旧组合动作。
DEC-20260607T101715Z-main-FQAZ,RD-20260605T115651Z-main-EXE0;RD-20260605T115651Z-main-DP00,EX-20260607T044830Z-main-QKYP;EX-20260607T035108Z-main-FUFW;EX-20260606T130531Z-main-SAK6,park,QKYP强极端恢复门控不进入实盘,active,2026-06-07T10:17:15Z,2026-06-07T10:17:15Z,05_研究决策/DEC-20260607T101715Z-main-FQAZ_QKYP强极端恢复门控不进入实盘.md,QKYP主变体复合收益保留率99.46%，但MDD改善>=1pp分段数为0，应用3次且无明确保护样本，因此不进入实盘,park strong/extreme恢复门控；若继续权益回撤二级预算，需新开all-level+recovery gate预注册并补错位/延迟/反弹误伤审计
DEC-20260608T070547Z-main-8RYX,RD-20260605T115651Z-main-EXE0,EX-20260607T102858Z-main-AURT;EX-20260607T044830Z-main-QKYP;EX-20260607T035108Z-main-FUFW,revise,AURT恢复门控二级预算进入负控不进实盘,active,2026-06-08T07:05:47Z,2026-06-08T07:06:01Z,05_研究决策/DEC-20260608T070547Z-main-8RYX_AURT恢复门控二级预算进入负控不进实盘.md,AURT主候选normal_nonrec3预注册L1通过：复合最终权益保留103.78%，MDD改善>=1pp分段数2，应用21次、保护样本10、强反弹误伤1；但未做负控/成本/forward，不进实盘,不改默认hard5；AURT只进入负控/邻域补证，优先做成本扰动、状态滞后、回撤错位和nonrec窄邻域。
DEC-20260610T073214Z-main-UDJ4,RD-20260603T000000Z-mig-HD5EEBAA8D5EEB,EX-20260607T111721Z-main-JQBL;EX-20260610T072248Z-main-LU8B,observe,避雷指南小市值验证后转向分散篮子研究,active,2026-06-10T07:32:14Z,2026-06-10T07:55:00Z,05_研究决策/DEC-20260610T073214Z-main-UDJ4_避雷指南小市值验证后转向分散篮子研究.md,V2迁移主回测年化约71.27%，收益复现接近聚宽80%；JQBL低收益是保守代理审计口径，不代表迁移失败。,保持不shadow不实盘；先审计V2实际交易容量和聚宽交易明细差异，再开全样本参数化、成本、负控和容量实验。
DEC-20260612T163918Z-main-LFEH,RD-20260612T163128Z-main-VZ8Q,EX-20260612T163128Z-main-22P6,park,短线热点错过事件只读归因失败后暂停决策,active,2026-06-12T16:39:18Z,2026-06-12T17:00:00Z,05_研究决策/DEC-20260612T163918Z-main-LFEH_短线热点错过事件只读归因失败后暂停决策.md,22P6事件数足够且H5/H10均值略正，但中位数、胜率、随机同日候选和错位一日负控均未通过；截图类错过事件当前不能交易化。,暂停VZ8Q当前定义；不改实盘默认，不继续扩5日rank/score/成交量/R2阈值；若重启必须另开盘中可交易事件预注册。
DEC-20260613T064749Z-main-LYS9,RD-20260613T032439Z-main-SC65,EX-20260613T032446Z-main-H35F,park,动态池资金热度因子复现后路线判断,active,2026-06-13T06:47:49Z,2026-06-13T06:50:00Z,05_研究决策/DEC-20260613T064749Z-main-LYS9_动态池资金热度因子复现后路线判断.md,H35F完整复现策略能运行但0/4分段final不低于ETF双池基线；2025近端段存在515050复权/份额断点污染，不能作为干净收益证据。,暂停公开策略整包接入；不改实盘；若继续资金热度，先做ETF复权断点清洗和单模块消融。
DEC-20260613T122346Z-main-X7PJ,RD-20260613T110126Z-main-FWZE,EX-20260613T110139Z-main-7HKT;EX-20260614T040739Z-main-HMZ3;EX-20260614T042453Z-main-LKLT;EX-20260614T070420Z-main-MJU9;EX-20260614T083146Z-main-R7N7;EX-20260617T152809Z-main-JVTQ,revise,动态资金热度全量复权门禁失败后暂停formal,active,2026-06-13T12:23:46Z,2026-06-17T15:36:00Z,05_研究决策/DEC-20260613T122346Z-main-X7PJ_动态资金热度全量复权门禁失败后暂停formal.md,JVTQ确认R7N7-v1同口径历史隔离门禁通过：MJU9高风险残留0、HMZ3阻断类残留0、变体覆盖失败0，formal_resume_gate_pass=true；但source_repair_required_rows=37、live_repair_gate_pass=false。,允许新开baseline/B0/G0/A1/A2/A3/A4同口径历史收益消融；不改实盘、不shadow、不把R7N7-v1当作live自动修复规则。
DEC-20260615T001218Z-main-SD2Y,RD-20260614T115209Z-main-T6R6,EX-20260614T115453Z-main-RNEU,park,残差动量四段formal证伪后park决策,active,2026-06-15T00:12:18Z,2026-06-15T00:15:00Z,05_研究决策/DEC-20260615T001218Z-main-SD2Y_残差动量四段formal证伪后park决策.md,EX-RNEU四段formal证伪：4/4段final落后hard5(-22.5%~-78.1%)，MDD恶化(2022_2023 -42.38% vs -24.39%)，换手翻倍。核心假设反证：ETF已分散特质风险，残差语义失效。,park残差动量不扩窗口/因子网格；转推52周高点和DM崩溃保护方向。
DEC-20260617T151659Z-main-UAYF,RD-20260613T002916Z-main-5BNB,EX-20260613T021659Z-main-VGMH;EX-20260617T144855Z-main-VZDA;EX-20260617T150155Z-main-GU38;EX-20260617T151048Z-main-MYHU,park,盘中热点与R方之外排序连续负控失败后park,active,2026-06-17T15:16:59Z,2026-06-17T15:18:30Z,05_研究决策/DEC-20260617T151659Z-main-UAYF_盘中热点与R方之外排序连续负控失败后park.md,VGMH/VZDA/GU38/MYHU连续推进后均未通过中位数、胜率、分段和前移一日负控；R²之外排序有增量但不足以支持13:09盘中热点独立交易路线。,park 5BNB；不改实盘、不shadow、不新开5BNB阈值或排序变体；相关方法仅迁移到更广义核心轮动排序研究。
DEC-20260617T203236Z-main-3CSW,RD-20260613T110126Z-main-FWZE,EX-20260617T154411Z-main-VYNR,park,动态资金热度同口径formal失败后暂停,active,2026-06-17T20:32:36Z,2026-06-17T20:40:00Z,05_研究决策/DEC-20260617T203236Z-main-3CSW_动态资金热度同口径formal失败后暂停.md,VYNR 24/24 formal完成但未通过预注册：A1 1/4且合计-107486.67，A2 2/4但合计-88240.56，A3 0/4且合计-193762.38；随机池也2/4，滞后热度近端胜出，负控不干净。,park FWZE；不改实盘、不shadow、不observe、不扩5/30热度窗口、热度权重、动态池规模、随机seed或组合方式。
DEC-20260617T205354Z-main-W29B,RD-20260617T204310Z-main-Q88K,EX-20260617T204318Z-main-MTEX,revise,非R方日频PLS失败后修订,active,2026-06-17T20:53:54Z,2026-06-17T20:58:00Z,05_研究决策/DEC-20260617T205354Z-main-W29B_非R方日频PLS失败后修订.md,MTEX主模型rolling_pls1_non_r2未通过：H5均值0.3160%低于hard5 0.4518%，超额均值-0.1358%、中位数0、胜率47.38%、分段1/4正；shuffled_label略高于主模型。fixed blend有均值线索但只是对照。,Q88K revise；不推进PLS/Ridge、不改实盘、不shadow、不observe。若继续只能新开fixed_non_r2_blend组合级formal预注册。
DEC-20260617T212155Z-main-9PRQ,RD-20260617T204310Z-main-Q88K,EX-20260617T210334Z-main-9VWX,park,固定非R方blend 2024 smoke失败后暂停,active,2026-06-17T21:21:55Z,2026-06-17T21:24:00Z,05_研究决策/DEC-20260617T212155Z-main-9PRQ_固定非R方blend 2024 smoke失败后暂停.md,9VWX 2024 smoke工程通过但经济门槛失败：fixed blend final 107562.26低于hard5 167005.22，MDD -33.78%差于hard5 -26.99%，且交易数278接近hard5，说明不是单纯成本问题。,park Q88K；不继续日频非R方blend/PLS/Ridge，不改实盘、不shadow、不observe；若继续降低滞后需另开不同机制方向。
DEC-20260617T215629Z-main-UARF,RD-20260614T115209Z-main-MCYG,EX-20260617T212938Z-main-LJQ7;EX-20260617T213634Z-main-XA5U,promote_candidate,过热动量D2 smoke通过后进入formal,active,2026-06-17T21:56:29Z,2026-06-17T21:58:00Z,05_研究决策/DEC-20260617T215629Z-main-UARF_过热动量D2 smoke通过后进入formal.md,LJQ7 broad-any标签失败但过热动量子标签有效；XA5U 2024 smoke显示D2-overheat final多14368.49、MDD改善4.20pp、交易少26笔、触发36次，economic_smoke_pass=true。,只允许新开四段formal和延迟/随机/成本负控；不改实盘、不shadow、不observe、不扩top1阈值、cap或keep_current。
DEC-20260618T024516Z-main-UR6S,RD-20260614T115209Z-main-MCYG,EX-20260617T220410Z-main-B6FL,revise,过热动量D2四段formal失败后暂停推广,active,2026-06-18T02:45:16Z,2026-06-18T02:50:00Z,05_研究决策/DEC-20260618T024516Z-main-UR6S_过热动量D2四段formal失败后暂停推广.md,B6FL四段formal失败：candidate胜baseline仅2/4，MDD改善1/4，random负控仅2/4低于候选；成本变体4/4与候选完全相同，cost_control_valid=false。,revise MCYG；D2-overheat不推广、不observe、不shadow、不改实盘；下一步只读概率/分位数风险面板，不扩cap/阈值/keep_current/seed。
DEC-20260618T092315Z-main-PASY,RD-20260618T081214Z-main-LTJ9,EX-20260618T081253Z-main-DXJ2;EX-20260618T083650Z-main-DVQD;EX-20260618T084646Z-main-39U5;EX-20260618T085945Z-main-R4S5;EX-20260618T091510Z-main-569U,park,非R方强势阶段转移连续只读失败后暂停,active,2026-06-18T09:23:15Z,2026-06-18T09:23:42Z,05_研究决策/DEC-20260618T092315Z-main-PASY_非R方强势阶段转移连续只读失败后暂停.md,LTJ9中固定阶段、简单前一天识别、明日监督标签和固定hazard/survival均未通过；DVQD早信号保留为诊断线索，但当前字段/公式不足以交易化。,park LTJ9；不扫阶段权重、close_vs_vwap阈值、topK、训练窗口、ridge lambda、hazard权重或seed；若继续低滞后研究必须另开新数据层或经济目标方向。
DEC-20260618T095611Z-main-GBK9,RD-20260618T093321Z-main-97VX,EX-20260618T093337Z-main-WWQX,park,分钟路径H5替代失败后转短半衰期目标,active,2026-06-18T09:56:11Z,2026-06-18T09:56:11Z,05_研究决策/DEC-20260618T095611Z-main-GBK9_分钟路径H5替代失败后转短半衰期目标.md,WWQX证伪97VX当前H5替代路线：late_accel_top5 H5超额-0.1486%、胜率51.17%、分段1/4正，且弱于close_vs_vwap和stage static；H0/H1局部线索只支持转向短半衰期目标。,park 97VX当前分钟路径H5 selector；不扫公式/时间窗/权重/topK/seed；若继续低滞后研究，新开短半衰期经济目标只读复核，不改实盘、不shadow、不observe。
DEC-20260618T101850Z-main-RZSM,RD-20260618T101258Z-main-BJR5,EX-20260618T101258Z-main-FYH7,park,短半衰期H0H1探索负控后暂停,active,2026-06-18T10:18:50Z,2026-06-18T10:18:50Z,05_研究决策/DEC-20260618T101850Z-main-RZSM_短半衰期H0H1探索负控后暂停.md,FYH7证伪BJR5当前WWQX派生短半衰期路线：最强top1 H1扣5bp均值虽+0.1349%，但胜率47.80%、正分段1/4、近端-0.2043%、去2024后-0.1356%。,park BJR5当前WWQX派生selector；不扫close_vs_vwap topK/成本/年份/阈值；若继续低滞后研究必须换独立数据或机制，不改实盘、不shadow、不observe。
DEC-20260618T104520Z-main-N7RL,RD-20260618T103455Z-main-9XR3,EX-20260618T103504Z-main-6NYC,park,组合切换成本无交易带失败后暂停,active,2026-06-18T10:45:20Z,2026-06-18T10:45:20Z,05_研究决策/DEC-20260618T104520Z-main-N7RL_组合切换成本无交易带失败后暂停.md,6NYC证伪9XR3当前无交易带规则：主规则H3/H5胜率、分段和随机同规模负控均失败；tier_active_switch只有26个事件且负控未过。,park 9XR3当前固定no-trade band；不扫gap/dispersion/rank/horizon/seed，不改实盘、不shadow、不observe；若继续需新增真实盘口、逐笔、订单簿、成交滑点或dry-run数据。
DEC-20260618T110703Z-main-FF3K,RD-20260618T105950Z-main-7FY3,EX-20260618T105959Z-main-BYEX,park,微观数据缺口确认后暂停低滞后执行实验,active,2026-06-18T11:07:03Z,2026-06-18T11:07:03Z,05_研究决策/DEC-20260618T110703Z-main-FF3K_微观数据缺口确认后暂停低滞后执行实验.md,BYEX确认当前环境没有可用真实微观数据层：ClickHouse无正式微观表，get_ticks只是小样本probe，QMT状态无成交生命周期，实盘根路径未配置。,park 7FY3当前环境下的策略实验；不改实盘、不shadow、不observe；先完成盘口/逐笔/订单簿/滑点/dry-run数据接入和字段审计。
DEC-20260618T124615Z-main-7JGR,RD-20260605T115651Z-main-DEF0,EX-20260611T060247Z-main-592F,park,B3弱势持久确认缩短formal失败后不推广,active,2026-06-18T12:46:15Z,2026-06-18T12:46:15Z,05_研究决策/DEC-20260618T124615Z-main-7JGR_B3弱势持久确认缩短formal失败后不推广.md,592F证伪fast_confirm3缩短确认：fast tiered复合收益+1154.89%低于原tiered-v2 +1215.07%，相对原分段final仅1/4不低，2025 final少4882.88；但回撤更浅、相对fast cap80有增量、lag1负控干净。,park fast_confirm3；原B3Gate/tiered-v2防御骨架仍保留为研究基准；不改实盘、不shadow、不observe，不在592F上扩确认天数或cap。
DEC-20260618T131519Z-main-UR2G,RD-20260605T115651Z-main-DEF0,EX-20260618T130636Z-main-28Z4,park,B3 state-only extreme缺口归因失败后不动作化,active,2026-06-18T13:15:19Z,2026-06-18T13:15:47Z,05_研究决策/DEC-20260618T131519Z-main-UR2G_B3 state-only extreme缺口归因失败后不动作化.md,28Z4证伪state-only extreme绕过确认：919个事件覆盖4段，但未来10日DD5率22.85%低于quiet 24.91%，路径最差收益均值未更差，分段仅2/4更差，shift_prev1和随机负控均不支持。,park state-only extreme动作化路线；不绕过B3持久确认，不改实盘、不shadow、不observe，不扫state-only阈值、cap或确认天数。
DEC-20260618T134120Z-main-L8GT,RD-20260614T115209Z-main-MCYG,EX-20260618T133228Z-main-YCW5,park,组合层下尾经济损失校准失败后暂停,active,2026-06-18T13:41:20Z,2026-06-18T13:41:49Z,05_研究决策/DEC-20260618T134120Z-main-L8GT_组合层下尾经济损失校准失败后暂停.md,YCW5证伪固定非R方经济损失排序：最佳stress_concentration_loss在2025 top20 bad10提升-0.36pct、下尾损失提升-0.86pct，竞争基准和随机同规模负控均未通过。,park YCW5三类固定经济损失分数；不交易化、不shadow、不observe，不扫权重/分桶/top比例；若继续MCYG只能换显式状态转移、事件簇hazard或持续时间机制。
DEC-20260618T140056Z-main-FDSQ,RD-20260614T115209Z-main-MCYG,EX-20260618T135410Z-main-CJC9,revise,事件簇hazard只读接近但未通过后修订,active,2026-06-18T14:00:56Z,2026-06-18T14:00:56Z,05_研究决策/DEC-20260618T140056Z-main-FDSQ_事件簇hazard只读接近但未通过后修订.md,CJC9接近但未过总门槛：episode_age_hazard在2025强区分且随机bad p95较干净；cluster_decay_hazard跨段竞争强但随机负控不过。,不动作化、不shadow、不observe；允许新开固定episode_age_hazard稳定性与错位簇只读审计，不在CJC9内调权重、窗口、top比例或seed。
DEC-20260618T142119Z-main-NWY3,RD-20260614T115209Z-main-MCYG,EX-20260618T141233Z-main-M3VC,revise,episode_age稳定性审计严格随机未过后修订,active,2026-06-18T14:21:19Z,2026-06-18T14:21:51Z,05_研究决策/DEC-20260618T142119Z-main-NWY3_episode_age稳定性审计严格随机未过后修订.md,M3VC显示episode_age_hazard是当前最接近非R方低滞后线索：raw、separated、bootstrap和组件均支持，但calendar_thin和episode_level随机同规模负控可复制，因此严格门槛未过。,revise；不动作化、不shadow、不observe、不扫权重/窗口/top比例；下一步只能做事件级外部验证或更少组件只读复核。
DEC-20260618T144237Z-main-GNSM,RD-20260614T115209Z-main-MCYG,EX-20260618T143708Z-main-2XKW,park,生命周期双组件episode负控未过后暂停,active,2026-06-18T14:42:37Z,2026-06-18T14:42:37Z,05_研究决策/DEC-20260618T144237Z-main-GNSM_生命周期双组件episode负控未过后暂停.md,2XKW证伪双组件压缩：pooled episode top20 bad10 lift +32.59pct，但随机p95同等、tail loss随机p95更高，shift_next1复制主结果。,park双组件方案；不动作化、不shadow、不observe、不扫权重/top比例/seed；confirmed_state_only仅可作为新预注册只读复核来源。
DEC-20260618T145429Z-main-VRMQ,RD-20260614T115209Z-main-MCYG,EX-20260618T145033Z-main-KFSQ,promote_candidate,confirmed_state单组件通过后进入外部验证候选,active,2026-06-18T14:54:29Z,2026-06-18T14:54:29Z,05_研究决策/DEC-20260618T145429Z-main-VRMQ_confirmed_state单组件通过后进入外部验证候选.md,KFSQ通过只读门槛：confirmed_state_run_len单组件在pooled episode下尾损失lift +4.65pct，高于随机p95 +2.55pct和shift_next +2.58pct，但候选来自2XKW后验诊断。,promote_candidate仅限外部验证；不动作化、不shadow、不observe；下一步只记录新样本或dry-run验证。
DEC-20260618T152400Z-main-6JF6,RD-20260614T115209Z-main-MCYG,EX-20260618T151314Z-main-KZF8;EX-20260618T145033Z-main-KFSQ,promote_candidate,KFSQ forward外部验证数据不足后继续等待新样本,active,2026-06-18T15:24:00Z,2026-06-18T15:24:00Z,05_研究决策/DEC-20260618T152400Z-main-6JF6_KFSQ forward外部验证数据不足后继续等待新样本.md,KZF8不是通过也不是失败：连续forward窗口21行，A1只有7行且在后段，H10可标注行0、episode0，H5也仅2行1个episode。,保留KFSQ外部验证候选；不动作化、不shadow、不observe；等待新样本或dry-run满足H10 >=20行且>=5 episode后用同一脚本复验。
DEC-20260618T162627Z-main-3SKD,RD-20260618T161832Z-main-KDGD;RD-20260614T115209Z-main-R25X,EX-20260618T161843Z-main-TTSK,park,状态条件化52周高点门禁失败后park,active,2026-06-18T16:26:27Z,2026-06-18T16:28:00Z,05_研究决策/DEC-20260618T162627Z-main-3SKD_状态条件化52周高点门禁失败后park.md,TTSK只读门禁失败：条件化H5正分段2/4，总体条件化H5增量+0.0089pct低于随机同池p95 +0.0856pct，说明A2 broad状态门禁不能救活52周高点nearness。,park KDGD并收紧R25X；不做formal/shadow/observe，不继续扫状态阈值、nearness alpha/lookback、rank权重或TopK。
DEC-20260618T165410Z-main-P8JQ,RD-20260618T164000Z-main-FIPQ,EX-20260618T164015Z-main-HPTL,park,FIP连续信息门禁失败后park,active,2026-06-18T16:54:10Z,2026-06-18T17:00:00Z,05_研究决策/DEC-20260618T165410Z-main-P8JQ_FIP连续信息门禁失败后park.md,HPTL只读门禁失败：FIP全样本H5/H10均值为正，但H10胜率50.49%、H5正分段1/4、0bps权益正分段2/4，跨阶段不稳。,park FIPQ；不进入formal、shadow、observe或默认逻辑，不扫FIP阈值、窗口、score分段或综合lit_gate权重。
DEC-20260618T172110Z-main-MVZ5,RD-20260605T133318Z-main-H6V3,EX-20260618T074745Z-main-7Z32,observe,A22真实触发检索后维持观察边界,active,2026-06-18T17:21:10Z,2026-06-18T17:30:00Z,05_研究决策/DEC-20260618T172110Z-main-MVZ5_A22真实触发检索后维持观察边界.md,7Z32确认历史A22有49个去重触发事件，但2026-05-20后post-design真实触发为0；LWC4/8UP9近端窗口只证明观察链路干净，不提供触发收益证据。,A22维持default-off observe；默认策略继续hard5；不再滚动无触发短窗，后续只等真实触发、dry-run或成交日志后另开预注册。
DEC-20260619T064036Z-main-4CW7,RD-20260605T133318Z-main-H6V3,EX-20260619T032822Z-main-B3HP;EX-20260619T034400Z-main-GHGZ;EX-20260619T035511Z-main-96SF;EX-20260619T062915Z-main-6EV3,park,hard5日频追高状态分层失败后暂停扩阈值,active,2026-06-19T06:40:36Z,2026-06-19T06:42:00Z,05_研究决策/DEC-20260619T064036Z-main-4CW7_hard5日频追高状态分层失败后暂停扩阈值.md,B3HP/GHGZ/96SF/6EV3连续压缩hard5修复和追高路线：真实held_repair样本太少且为负，6EV3三个预注册可追状态均未通过，repair_breadth被late_spike污染。,park当前日频追高阈值路线；不formal、不shadow、不observe、不改hard5；后续只走真实dry-run JSON或盘口/成交/订单层独立数据。
DEC-20260619T065635Z-main-QS5G,RD-20260605T133318Z-main-H6V3,EX-20260619T062915Z-main-6EV3;EX-20260619T064629Z-main-P97J,park,hard5盘中路径状态失败后转真实订单层,active,2026-06-19T06:56:35Z,2026-06-19T07:00:00Z,05_研究决策/DEC-20260619T065635Z-main-QS5G_hard5盘中路径状态失败后转真实订单层.md,P97J在分钟覆盖率96.07%的前提下仍未找到可追状态：intraday_steady主分类35事件H10均值-4.29pp、胜率34.29%，intraday_pullback_repair主分类6事件H10胜率0%。,park当前13:09前分钟路径阈值路线；不formal、不shadow、不observe、不改hard5；后续只走真实dry-run JSON、订单生命周期、盘口/逐笔或成交滑点证据层。
DEC-20260619T084542Z-main-56R5,RD-20260619T083919Z-main-WEMY,EX-20260619T083927Z-main-URWL,park,A25首版状态机失败后转外部注意力与订单层决策,active,2026-06-19T08:45:42Z,2026-06-19T08:47:00Z,05_研究决策/DEC-20260619T084542Z-main-56R5_A25首版状态机失败后转外部注意力与订单层决策.md,A25首版178事件无通过状态；当前可见字段不能稳定区分撤离、修复、追高和veto，不进入回测或实盘边界。,暂停A25日频/分钟阈值扩展；若继续，只能转成交额、换手、涨停炸板、注意力数据或真实订单生命周期。
DEC-20260619T092251Z-main-DNLA,RD-20260619T083919Z-main-WEMY,EX-20260619T091618Z-main-MKG3,park,A26本地成交换手压力失败后停止可见字段扩展,active,2026-06-19T09:22:51Z,2026-06-19T09:30:00Z,05_研究决策/DEC-20260619T092251Z-main-DNLA_A26本地成交换手压力失败后停止可见字段扩展.md,A26在178个A25事件上补成交额、成交量、13:09成交形态和ETF涨停压力后仍无通过状态；修复持有0样本，小预算追高H10为-11.79pct。,停止扩日频、分钟、成交额、成交量和ETF涨停压力阈值；后续只允许真实订单生命周期或真正外部注意力/微观结构数据。
DEC-20260619T093740Z-main-ZDD3,RD-20260619T083919Z-main-WEMY,EX-20260619T093316Z-main-6TXM,park,A27入口门禁失败后暂停WEMY实证推进,active,2026-06-19T09:37:40Z,2026-06-19T10:10:00Z,05_研究决策/DEC-20260619T093740Z-main-ZDD3_A27入口门禁失败后暂停WEMY实证推进.md,A27确认当前本机没有可直接推进WEMY的真实订单生命周期或外部注意力/微观结构入口：QMT客户端进程不可见，ClickHouse无非空tick/盘口/情绪等新表，JQ tick仅995行迁移探针。,WEMY保持park；不继续扩当前可见字段阈值。后续HJGJ已排除QMT主路线，只走非QMT外部数据建设门禁。
DEC-20260619T100752Z-main-HJGJ,RD-20260619T083919Z-main-WEMY,EX-20260619T093316Z-main-6TXM,revise,排除QMT后WEMY转非QMT外部数据路线,active,2026-06-19T10:07:52Z,2026-06-19T10:08:00Z,05_研究决策/DEC-20260619T100752Z-main-HJGJ_排除QMT后WEMY转非QMT外部数据路线.md,用户明确指出QMT不可能提供足够样本；A27的QMT诊断保留为历史事实，但WEMY后续不再等待QMT，改为只允许可历史化、样本足够、时间戳可审计的非QMT外部注意力或微观结构数据。,新开非QMT数据建设门禁，优先盘点涨停封单/炸板、逐笔盘口、融资融券、龙虎榜、北向或主力资金、搜索社媒股吧热度、新闻公告注意力。
DEC-20260619T114146Z-main-5E5G,RD-20260619T083919Z-main-WEMY,EX-20260619T113348Z-main-UN96,revise,A28量价结构门禁通过后转过热veto正式实验,active,2026-06-19T11:41:46Z,2026-06-19T11:43:00Z,05_研究决策/DEC-20260619T114146Z-main-5E5G_A28量价结构门禁通过后转过热veto正式实验.md,A28显示非QMT历史K线、成交量和A26分钟代理足以构造M1-M16：日频最低覆盖98.88%，分钟代理最低覆盖99.44%，4个strong hint均为过热veto。,新开A29 frozen-veto formal，检验强veto维持hard5、非veto小预算/A22 cap70能否改善；不直接改hard5、不shadow、不observe。
DEC-20260620T062621Z-main-Z8MP,RD-20260620T022601Z-main-GHZL;RD-20260605T133318Z-main-H6V3,EX-20260620T022611Z-main-FZM4,observe,FZM4 MAX彩票式过热observe A28二元版优先,active,2026-06-20T06:26:21Z,2026-06-20T07:30:00Z,05_研究决策/DEC-20260620T062621Z-main-Z8MP_FZM4MAX彩票式过热observeA28二元版优先.md,MAX方向支持但Bali十分位样本不足不单调且错位反转，用A28二元m04 veto更稳健，MAX纳入p_overheat用二元阈值,MAX作为p_overheat字段用A28二元版，转BL8Y和UEAC验证其他正交维度，错位负控反转需新开方法论实验
DEC-20260620T063105Z-main-7TBK,RD-20260620T052147Z-main-8AB7;RD-20260605T133318Z-main-H6V3,EX-20260620T052156Z-main-BL8Y,observe,横截面离散度observe M10正交性成立,active,2026-06-20T06:31:05Z,2026-06-20T08:00:00Z,05_研究决策/DEC-20260620T063105Z-main-7TBK_横截面离散度observeM10正交性成立.md,CS dispersion方向支持且与M10市场趋势状态正交性初步成立，但样本不足分段不一致错位反转，纳入p_crash组合层字段候选,CS dispersion纳入p_crash字段池，转UEAC验证过程层，错位负控反转是跨方向系统性问题
DEC-20260620T063752Z-main-NEEU,RD-20260620T052601Z-main-3B2X;RD-20260605T133318Z-main-H6V3,EX-20260620T052616Z-main-UEAC,observe,GSADF爆炸性observe方向反不纳入,active,2026-06-20T06:37:52Z,2026-06-20T08:30:00Z,05_研究决策/DEC-20260620T063752Z-main-NEEU_GSADF爆炸性observe方向反不纳入.md,GSADF方向与预测相反爆炸性反而后续更好，ETF爆炸性是趋势加速良性阶段非泡沫尾声，不纳入p_overheat,GSADF不纳入字段池作方法资产保留，三方向综合判断组合MAX加CS dispersion做双概率软预算复核，错位负控反转需方法论实验
DEC-20260620T150805Z-main-XSNQ,RD-20260620T052147Z-main-8AB7,EX-20260620T094932Z-main-S8BP,park,CS dispersion组合层formal两候选均未过门槛,CS dispersion作为组合层保守开关单独不可行;组合层标量无法区分普涨健康vs冲顶;参数矩阵无必要;转向MECH-MATN隔夜收益新立项,2026-06-20T15:08:05Z,2026-06-20T18:30:00Z,05_研究决策/DEC-20260620T150805Z-main-XSNQ_CS dispersion 组合层双方向配对 formal 决策.md,两候选loosen-low/loosen-high均未过4/4final+3/4MDD+cost2x门槛;组合层标量无法区分普涨健康vs冲顶;park,首选新立项MECH-MATN隔夜收益知情交易(p_repair个股层);CS dispersion留作未来双概率联合条件先验
DEC-20260621T024805Z-main-CHCD,RD-20260619T083919Z-main-WEMY,EX-20260621T015355Z-main-F44P,park,A29 frozen-veto formal联合veto未过门槛+实现bug,park,2026-06-21T02:48:05Z,2026-06-22T09:30:00Z,05_研究决策/DEC-20260621T024805Z-main-CHCD_A29 frozen-veto 组合层双方向配对 formal 决策.md,联合veto仅2/4段赢;2025段veto误伤修复反弹惨败;m14/m04/m01全池聚合口径失真;参数矩阵无必要;转向MECH-MATN隔夜收益新立项,转向MECH-MATN隔夜收益知情交易(p_repair个股层);WEMY park;A28四veto留作未来多信号联合候选
DEC-20260622T123321Z-main-78RB,RD-20260622T030341Z-main-S2T4,EX-20260622T033017Z-main-PNV8;EX-20260622T104131Z-main-6XCN,revise,隔夜收益放行V1/V2 formal:满仓2020段+15.2%最强但1/4段赢,V1 cap70 2/4→V2满仓1/4(2020+15.2%);退出诊断5-7分10天满仓最优(均值+5.33%/胜率71%);需时段条件化,EX-20260622T033017Z-main-PNV8,,,05_研究决策/DEC-20260622T123321Z-main-78RB_隔夜收益放行formal决策(V1 revise V2 revise).md,,2026-06-22T12:33:21Z,2026-06-22T13:00:00Z,direction,高,,revise:时段条件化/全年年化/分数上限实验
DEC-20260622T163008Z-main-GHZE,RD-20260622T030341Z-main-S2T4,EX-20260622T133000Z-main-7KMP;EX-20260622T104131Z-main-6XCN;EX-20260622T033017Z-main-PNV8,park,7KMP隔夜收益时段条件化市场门formal证伪决策,市场门方向性部分有效(弱市减伤+MDD3/4)但候选双口径0/4反超hard5;证伪触发3/5;cand_full无门V2同样全段跑不过hard5→根源是hard5太强;全年年化V2微弱反超(+0.69pp)但不显著,2026-06-22T16:30:08Z,2026-06-22T16:45:00Z,05_研究决策/DEC-20260622T163008Z-main-GHZE_7KMP隔夜收益时段条件化市场门formal证伪决策.md,park:隔夜放行方向搁置hard5维持上限;市场门组件代码保留默认false;选项2全年年化V2微弱反超待后续样本验证;选项3分数上限设计完成待定,回顾DEC-78RB补注修正;选项2/3视情况推进;重建图谱进展板已完成
DEC-20260623T131037Z-main-M4XJ,RD-20260623T125116Z-main-DVXD,EX-20260623T125125Z-main-UTMF,revise,行业个股增强数据门禁后先走ETF代理池,active,2026-06-23T13:10:37Z,2026-06-23T13:10:37Z,05_研究决策/DEC-20260623T131037Z-main-M4XJ_行业个股增强数据门禁后先走ETF代理池.md,"数据门禁显示个股可交易字段可用,但行业字段和801行业成分缺失;直接行业内个股formal暂不推进,先做行业/主题ETF代理池状态机面板",新建ETF代理池状态机只读面板;个股层补历史行业成分或另开静态行业探索
DEC-20260623T133954Z-main-67YJ,RD-20260623T125116Z-main-DVXD,EX-20260623T133642Z-main-3GNZ,revise,ETF代理池收益验证后保留过热降权单因子,active,2026-06-23T13:39:54Z,2026-06-23T13:39:54Z,05_研究决策/DEC-20260623T133954Z-main-67YJ_ETF代理池收益验证后保留过热降权单因子.md,"3GNZ显示final_top T+10均值最高而final_confirmed低于raw_top;保留过热降权单因子,暂停组合状态机","已由DEC-PFMU覆盖:2GV8错位负控失败,final_top不进交易化回测"
DEC-20260623T135036Z-main-PFMU,RD-20260623T125116Z-main-DVXD,EX-20260623T134732Z-main-2GV8,park,ETF代理池final_top错位负控失败后暂停,active,2026-06-23T13:50:36Z,2026-06-23T13:50:36Z,05_研究决策/DEC-20260623T135036Z-main-PFMU_ETF代理池final_top错位负控失败后暂停.md,"2GV8显示final_top_lead1强于正确日期且随机替换也为正;final_top未通过基础负控,暂停交易化回测",暂停ETF代理池final_top路线;后续优先补历史行业成分或重新定义更干净行业池
DEC-20260623T235142Z-main-2UF3,RD-20260623T125116Z-main-DVXD,EX-20260623T234552Z-main-QKD7,park,历史行业成分源缺失后暂停个股增强实现,active,2026-06-23T23:51:42Z,2026-06-23T23:51:57Z,05_研究决策/DEC-20260623T235142Z-main-2UF3_历史行业成分源缺失后暂停个股增强实现.md,"QKD7确认本地无可用历史行业成分:静态行业字段覆盖率0,801成分/行情为0,文件扫描无疑似源数据;只有API文档不能回测",暂停行业内个股增强实现和回测;若继续必须先做历史行业成分导入预注册
DEC-20260624T013403Z-main-9AF6,RD-20260623T125116Z-main-DVXD,EX-20260624T013047Z-main-GTUS,accept,申万行业成分采用独立membership事实表,active,2026-06-24T01:34:03Z,2026-06-24T01:34:12Z,05_研究决策/DEC-20260624T013403Z-main-9AF6_申万行业成分采用独立membership事实表.md,Tushare申万行业成分导入采用industry_stock_membership作为历史事实源;不把jq_stock_info作为历史事实表;index_constituent只做完整快照兼容层,用户明确允许后跑Tushare小样本网络探针;通过后另开正式导入实验
DEC-20260624T014933Z-main-3TWB,RD-20260623T015758Z-main-JFHA,EX-20260623T234233Z-main-E3TQ,park,E3TQ逐日净值分解归因后park退出机制维度并开新方向放行未生效诊断,active,2026-06-24T01:49:33Z,2026-06-24T02:35:00Z,05_研究决策/DEC-20260624T014933Z-main-3TWB_E3TQ逐日净值分解归因后park退出机制维度并开新方向放行未生效诊断.md,旧面板残差39-499%账本坏掉触发红线;改逐日净值分解残差全0%闭环;退出非主因(rank_drop卖对-8.3%);根因是放行机制未生效27只信号标的仅12只入仓退出无可管之物;park退出维度但留活口,park RD-JFHA退出维度;新开RD-NQS5诊断放行入池失效;待修好入池再评估退出是否重开
DEC-20260624T042716Z-main-KZ7L,RD-20260624T014933Z-main-NQS5;RD-20260623T015758Z-main-JFHA;RD-20260622T030341Z-main-S2T4,EX-20260624T022318Z-main-9WDE;EX-20260623T234233Z-main-E3TQ;EX-20260622T031432Z-main-7TJU,revise,overnight研究链概念错配修正 个股层low桶信号不等于池子层median门槛放行,active,2026-06-24T04:27:16Z,2026-06-24T04:50:00Z,05_研究决策/DEC-20260624T042716Z-main-KZ7L_overnight研究链概念错配修正 个股层low桶信号不等于池子层median门槛放行.md,EX-9WDE读代码+扫日志确认:overnight_share_gate放行=放宽动量score上限(5->8)非指定买入low桶个股;组合层按动量选股与个股overnight_share无关;事件级与组合层是两个不相关实验被当因果链两端;5份资产加注记不删原文;统计数字全对仅归因解读需修正,5份A类资产加修正注记;low桶信号真实价值待新实验(把个股overnight_share写进score)判定;park决定不变归因叙事以KZ7L为准
DEC-20260624T072541Z-main-G6M9,RD-20260624T014933Z-main-NQS5;RD-20260623T015758Z-main-JFHA;RD-20260622T030341Z-main-S2T4,EX-20260624T061755Z-main-CXCP;EX-20260624T022318Z-main-9WDE;EX-20260623T234233Z-main-E3TQ;EX-20260622T031432Z-main-7TJU,park,overnight研究链最终park 个股low桶信号在ETF池选股无alpha负控证据确凿,active,2026-06-24T07:25:41Z,2026-06-24T07:30:00Z,05_研究决策/DEC-20260624T072541Z-main-G6M9_overnight研究链最终park 个股low桶信号在ETF池选股无alpha负控证据确凿.md,EX-CXCP真正测试个股overnight_share选股:B名义+0.50%但随机替换负控+0.42%超额仅+0.08%;C组合层模拟0/4赢hard5且3段负收益(-18.4%/-60.4%/+35.9%输/-32.5%);错位+1天几乎不变;EX-7TJU +5.33%是标的池差异+beta造成ETF池alpha消失,park整个overnight链(S2T4+JFHA+NQS5全部确认关闭);重启门槛极高;研究精力转向其他active方向
DEC-20260626T024211Z-main-W4Q7,RD-20260605T115651Z-main-DEF0,EX-20260626T001500Z-main-RA3;EX-20260626T014954Z-main-RA4;EX-20260625T075938Z-main-RA1;EX-20260625T110234Z-main-RA2,observe,RA3kill与RA4observe 下限空仓路线场景判定,active,2026-06-26T02:42:11Z,2026-06-26T02:42:11Z,05_研究决策/DEC-20260626T024211Z-main-W4Q7_RA3kill与RA4observe下限空仓路线场景判定.md,RA3(60日均值)kill:2024段+67%做成-9.5% 924被滞后漏光 全面更差;RA4(分数xret20广度)observe:2024段+28.7%四轮首次战胜baseline 彻底解决RA3滞后渗漏死穴 但2025段-25.7%牛市回调误触发 全样本-12.9%;RA1/RA2/RA3撞2024悖论(分数低但市场涨) RA4加ret20第二维度首次突破但暴露牛市回调vs真崩盘无法区分的新局限,RA3不扩窗口/阈值网格不复活;RA4不promote不shadow不改实盘保留候选 当前参数不微调;下限空仓下一轮EX-RA5攻克牛市回调vs真崩盘区分 加大盘长期趋势/估值宏观/下跌质量第三维度;若仍无法区分则路线整体收口转大盘趋势叠加层
DEC-20260626T035024Z-main-K7R9,RD-20260605T115651Z-main-DEF0,EX-20260626T030352Z-main-RA5;EX-20260626T014954Z-main-RA4;EX-20260625T075938Z-main-RA1;EX-20260626T154216Z-main-RA6,promote_candidate,RA5三维门控promote_candidate 进入shadow灰度,active,2026-06-26T03:50:24Z,2026-06-27T01:40:00Z,05_研究决策/DEC-20260626T035024Z-main-K7R9_RA5三维门控promote_candidate进入shadow灰度.md,"四条证伪全通过 全样本复合17.03x(+8.6%)超越baseline 五轮首次; 2025段-8.9%(200日均线过滤牛市回调触发21->3次); 2024段+26.3%维持正贡献; 2022改善5.18pp; 三维=分数xret20广度xhs300-200日趋势 三个正交维度; 负控byte-level通过；RA6邻域稳健性PASS(6/6邻域≥95%baseline,0断崖,孤立最优False)，非过拟合闭环，shadow灰度改造已落地(5项hash全匹配+43条shadow日志)。维持promote_candidate。",进入shadow灰度+阈值微扰 不直接改实盘仍hard5; shadow验证样本外 微扰(hs300 120/250 广度0.45/0.55 分数1.8/2.2)确认非过拟合后再决定正式promote
DEC-20260627T073551Z-main-DTH2,RD-20260605T115651Z-main-DEF0,EX-20260627T053730Z-main-JTX7/EX-20260627T063703Z-main-XSFC/EX-20260626T030352Z-main-RA5/EX-20260626T154216Z-main-RA6/EX-20260627T005518Z-main-GUWQ,promote_candidate_upgrade,A2趋势破位升级RA5第三维L2robustness更新shadow配置,active,2026-06-27T07:35:51Z,2026-06-27T07:50:00Z,05_研究决策/DEC-20260627T073551Z-main-DTH2_A2趋势破位升级RA5第三维L2robustness更新shadow配置.md,下限空仓路线最优方案从RA5瞬时三维门控(17.03x 2025段-8.9%)升级为A2趋势破位三维门控(18.72x+9.9% 2025段-0.0%伤害清零); A2单点formal+A2n邻域(8pair)全过达RA6同等L2_robustness严谨度; 诊断0/21 vs 242/242在formal完美复现; shadow配置同步trend_break_enabled=True+slope_window=20; 实盘默认仍hard5 A2关闭; 用户减少25/26年伤害诉求样本内完整闭环,P0解锁实盘QMT(P0工程阻塞)→P1配置shadow dry-run(trend_break+slope_window)→P2积累样本外触发→P3核对触发归因→P4样本外达标后新开DEC评估production promote
DEC-20260627T073551Z-main-DTH2-REV,RD-20260605T115651Z-main-DEF0,EX-20260627T135725Z-main-HUWV,superseded_by_long_cycle,A2趋势破位升级决策被十一年回测推翻,superseded,2026-06-27T21:40:00Z,2026-06-27T21:40:00Z,05_研究决策/DEC-20260627T073551Z-main-DTH2_A2趋势破位升级RA5第三维L2robustness更新shadow配置.md,十一年回测推翻A2升级RA5决策: A2 39.43x落后RA5 47.50x(-16.9%); A2牛顶崩盘零防御盲区(2015); 4段空仓重置高估A2 V型过滤效果; A2降为V型多发时段可选组件不升级; RA5维持防御主选,DEC-K7R9补注RA5真实价值主要2015类牛顶崩盘; 研究质量审计规范待更新; 路线重点转向牛顶崩盘防御+样本外
